FIRSTNAME,"MIDDLE NAME","LAST NAME",ID,BIRTHDAY,ADDRESS,SIGNATURE,"DATE ISSUE",SEX,STATUS,BIRTHPLACE,EMERGENCY,OCCUPATION,ELIGIBILITY,IDNO,QRCODE
ANTONIO,,REYES,R-202503-0001,"OCT. 24, 2005","HOUSE #984 STREET 44, APANAY, ALICIA, ISABELA, 7825",NO,,MALE,SINGLE,,,FACTORY_WORKER,4PS,,QR-R-001B52F507
RAFAEL,,CASTRO,R-202503-0002,"SEP. 8, 1987","HOUSE #984 STREET 44, APANAY, ALICIA, ISABELA, 7825",NO,,MALE,MARRIED,,,PRIVATE_EMPLOYEE,,8872790908A7,QR-R-B7B5DF0155
SOFIA,SANTOS,MORALES,R-202503-0003,"APR. 2, 2024","HOUSE #984 STREET 44, APANAY, ALICIA, ISABELA, 7825",NO,,FEMALE,SINGLE,,,STUDENT,,,QR-R-DD08880291
CARMEN,GARCIA,DOMINGO,R-202503-0004,"JUL. 12, 2006","HOUSE #115 STREET 39, RIZAL, ALICIA, ISABELA, 8948",NO,,MALE,SINGLE,,,STUDENT,,,QR-R-AE016F46CE
JUAN,MENDOZA,SALAZAR,R-202503-0005,"MAR. 26, 1992","HOUSE #115 STREET 39, RIZAL, ALICIA, ISABELA, 8948",NO,,FEMALE,SINGLE,,,FARMER,,,QR-R-120899C8A0
MARIA,REYES,ESPIRITU,R-202503-0006,"JUN. 19, 1973","HOUSE #115 STREET 39, RIZAL, ALICIA, ISABELA, 8948",NO,,FEMALE,MARRIED,,,FARMER,,,QR-R-7CEEA2E1BA
LUISA,RODRIGUEZ,HERNANDEZ,R-202503-0007,"APR. 28, 1987","HOUSE #115 STREET 39, RIZAL, ALICIA, ISABELA, 8948",NO,,FEMALE,MARRIED,,,PRIVATE_EMPLOYEE,PWD,05FCB41CFCFB,QR-R-07065BF32C
ELENA,,RAMOS,R-202503-0008,"FEB. 4, 1959","HOUSE #115 STREET 39, RIZAL, ALICIA, ISABELA, 8948",NO,,MALE,MARRIED,,,RETIRED,"SENIOR CITIZEN",,QR-R-4EE8724826
CARLOS,PEREZ,NAVARRO,R-202503-0009,"MAR. 23, 1974","HOUSE #115 STREET 39, RIZAL, ALICIA, ISABELA, 8948",NO,,FEMALE,MARRIED,,,GOVERNMENT_EMPLOYEE,,,QR-R-CAF580A39E
LUIS,,VILLANUEVA,R-202503-0010,"DEC. 28, 2009","HOUSE #969 STREET 4, SALVACION, ALICIA, ISABELA, 3200",NO,,FEMALE,SINGLE,,,LABORER,,,QR-R-EB18941612
LUISA,,"DELA PEñA",R-202503-0011,"APR. 12, 1950","HOUSE #969 STREET 4, SALVACION, ALICIA, ISABELA, 3200",NO,,MALE,MARRIED,,,RETIRED,"SENIOR CITIZEN",,QR-R-832665F750
MIGUEL,RIVERA,AQUINO,R-202503-0012,"JAN. 22, 2010","HOUSE #969 STREET 4, SALVACION, ALICIA, ISABELA, 3200",NO,,MALE,SINGLE,,,STUDENT,,,QR-R-68D08BB19B
SOFIA,SALAZAR,MIRANDA,R-202503-0013,"SEP. 11, 2021","HOUSE #969 STREET 4, SALVACION, ALICIA, ISABELA, 3200",NO,,FEMALE,SINGLE,,,STUDENT,,5A015DF3253C,QR-R-67F287B5F9
FRANCISCO,,MENDOZA,R-202503-0014,"DEC. 27, 2014","HOUSE #969 STREET 4, SALVACION, ALICIA, ISABELA, 3200",NO,,FEMALE,SINGLE,,,STUDENT,,,QR-R-544DC5EEFD
TERESA,MENDOZA,"DELA PEñA",R-202503-0015,"MAY. 1, 1981","HOUSE #969 STREET 4, SALVACION, ALICIA, ISABELA, 3200",NO,,FEMALE,SINGLE,,,PRIVATE_EMPLOYEE,,AF197C78BDCB,QR-R-6CDDDF2656
ELENA,"DE LA CRUZ",SANTOS,R-202503-0016,"FEB. 13, 2007","HOUSE #338 STREET 28, M.H. DEL PILAR, ALICIA, ISABELA, 4274",NO,,MALE,SINGLE,,,FACTORY_WORKER,,,QR-R-32FDD5927F
ELENA,GARCIA,MARTINEZ,R-202503-0017,"JAN. 26, 1974","HOUSE #338 STREET 28, M.H. DEL PILAR, ALICIA, ISABELA, 4274",NO,,MALE,SEPARATED,,,LABORER,,3BC01150F2F4,QR-R-8B7B1BC821
JUAN,CASTRO,VALDEZ,R-202503-0018,"FEB. 12, 1939","HOUSE #338 STREET 28, M.H. DEL PILAR, ALICIA, ISABELA, 4274",NO,,FEMALE,MARRIED,,,BUSINESS_OWNER,"SENIOR CITIZEN, PWD",A4009DA23CA6,QR-R-47351388E0
LOURDES,SANTOS,"DELA PEñA",R-202503-0019,"JAN. 5, 2009","HOUSE #338 STREET 28, M.H. DEL PILAR, ALICIA, ISABELA, 4274",NO,,MALE,SINGLE,,,STUDENT,,454D5C8FA090,QR-R-0EB8992C04
SOFIA,,SANTOS,R-202503-0020,"DEC. 30, 1987","HOUSE #338 STREET 28, M.H. DEL PILAR, ALICIA, ISABELA, 4274",NO,,FEMALE,SEPARATED,,,LABORER,,,QR-R-960D4C8457
CARMEN,REYES,ESPIRITU,R-202503-0021,"JUN. 22, 2006","HOUSE #77 STREET 41, CALAOCAN (POB.), ALICIA, ISABELA, 3913",NO,,FEMALE,SINGLE,,,LABORER,,F9510C61054B,QR-R-1B83C71B63
PEDRO,,RAMOS,R-202503-0022,"JAN. 18, 1991","HOUSE #77 STREET 41, CALAOCAN (POB.), ALICIA, ISABELA, 3913",NO,,MALE,SINGLE,,,BUSINESS_OWNER,,CEA667A8F27D,QR-R-844969CA76
ROSA,LOPEZ,MENDOZA,R-202503-0023,"APR. 23, 1995","HOUSE #77 STREET 41, CALAOCAN (POB.), ALICIA, ISABELA, 3913",NO,,FEMALE,SINGLE,,,VENDOR,,F9545D5565DA,QR-R-0440C866A8
MIGUEL,,SANTOS,R-202503-0024,"OCT. 17, 1955","HOUSE #77 STREET 41, CALAOCAN (POB.), ALICIA, ISABELA, 3913",NO,,FEMALE,WIDOWED,,,RETIRED,"SENIOR CITIZEN",22467BC4AB2A,QR-R-89BB2A1427
JOSEFINA,,PASCUAL,R-202503-0025,"APR. 15, 1950","HOUSE #77 STREET 41, CALAOCAN (POB.), ALICIA, ISABELA, 3913",NO,,FEMALE,SEPARATED,,,RETIRED,"SENIOR CITIZEN, PWD",47786E35E562,QR-R-AFC696A0E6
ANTONIO,,"DEL ROSARIO",R-202503-0026,"JUN. 29, 1944","HOUSE #77 STREET 41, CALAOCAN (POB.), ALICIA, ISABELA, 3913",NO,,MALE,MARRIED,,,RETIRED,"SENIOR CITIZEN",F3CA57BAF405,QR-R-0F4FFF905F
TERESA,,PEREZ,R-202503-0027,"JUN. 20, 1957","HOUSE #789 STREET 3, APANAY, ALICIA, ISABELA, 1704",NO,,FEMALE,WIDOWED,,,RETIRED,"SENIOR CITIZEN, PWD",36FCC64A8B23,QR-R-4AC47DB99B
ANA,,RODRIGUEZ,R-202503-0028,"JUN. 14, 1999","HOUSE #789 STREET 3, APANAY, ALICIA, ISABELA, 1704",NO,,MALE,SINGLE,,,FACTORY_WORKER,,,QR-R-7F11A46719
MANUEL,,FLORES,R-202503-0029,"SEP. 15, 2008","HOUSE #997 STREET 49, RIZALUNA, ALICIA, ISABELA, 5566",NO,,FEMALE,SINGLE,,,STUDENT,,1A6AEAF80054,QR-R-0D482DE6E8
TERESA,CASTRO,VILLANUEVA,R-202503-0030,"JAN. 22, 2011","HOUSE #997 STREET 49, RIZALUNA, ALICIA, ISABELA, 5566",NO,,MALE,SINGLE,,,STUDENT,,,QR-R-0CFABA08FC
SOFIA,GONZALES,ESPIRITU,R-202503-0031,"MAR. 24, 2015","HOUSE #997 STREET 49, RIZALUNA, ALICIA, ISABELA, 5566",NO,,MALE,SINGLE,,,STUDENT,,3CF8EEC077B7,QR-R-FEE35BC6A9
CARMEN,RODRIGUEZ,FLORES,R-202503-0032,"APR. 20, 2010","HOUSE #331 STREET 44, SAN JUAN, ALICIA, ISABELA, 4294",NO,,MALE,SINGLE,,,STUDENT,,F21F22590F61,QR-R-1F24ED3A9C
CARMEN,,MARQUEZ,R-202503-0033,"JUL. 12, 1947","HOUSE #331 STREET 44, SAN JUAN, ALICIA, ISABELA, 4294",NO,,FEMALE,WIDOWED,,,UNEMPLOYED,"SENIOR CITIZEN, PWD",,QR-R-7203140FF5
PEDRO,,TORRES,R-202503-0034,"MAR. 22, 1995","HOUSE #331 STREET 44, SAN JUAN, ALICIA, ISABELA, 4294",NO,,MALE,MARRIED,,,BUSINESS_OWNER,,,QR-R-9B786E12A1
PEDRO,MENDOZA,"DE LA CRUZ",R-202503-0035,"JAN. 26, 1995","HOUSE #331 STREET 44, SAN JUAN, ALICIA, ISABELA, 4294",NO,,MALE,SINGLE,,,VENDOR,,D743DB4221BF,QR-R-96600CB2C1
FRANCISCO,,FLORES,R-202503-0036,"MAR. 25, 1978","HOUSE #331 STREET 44, SAN JUAN, ALICIA, ISABELA, 4294",NO,,FEMALE,MARRIED,,,PRIVATE_EMPLOYEE,,,QR-R-49A69853D9
CARLOS,RIVERA,DIAZ,R-202503-0037,"MAY. 7, 2000","HOUSE #331 STREET 44, SAN JUAN, ALICIA, ISABELA, 4294",NO,,FEMALE,SINGLE,,,FARMER,,,QR-R-55048CF132
SOFIA,GONZALES,DOMINGO,R-202503-0038,"DEC. 10, 1942","HOUSE #581 STREET 48, VICTORIA, ALICIA, ISABELA, 8830",NO,,MALE,MARRIED,,,RETIRED,"SENIOR CITIZEN",DF09B314252F,QR-R-3B4F6F89E5
FRANCISCO,CRUZ,SANTIAGO,R-202503-0039,"FEB. 24, 2005","HOUSE #581 STREET 48, VICTORIA, ALICIA, ISABELA, 8830",NO,,MALE,SINGLE,,,FACTORY_WORKER,,,QR-R-C61A4BC947
SOFIA,,HERNANDEZ,R-202503-0040,"MAY. 31, 1993","HOUSE #581 STREET 48, VICTORIA, ALICIA, ISABELA, 8830",NO,,MALE,MARRIED,,,LABORER,,65CEEF65C6F6,QR-R-D406A00C49
JUAN,,ESPIRITU,R-202503-0041,"MAY. 18, 1995","HOUSE #675 STREET 8, RIZAL, ALICIA, ISABELA, 6599",NO,,MALE,MARRIED,,,FACTORY_WORKER,,834B2B215B4F,QR-R-B8CADE9A34
ROSA,PEREZ,RAMOS,R-202503-0042,"OCT. 19, 2021","HOUSE #675 STREET 8, RIZAL, ALICIA, ISABELA, 6599",NO,,MALE,SINGLE,,,STUDENT,,3D4B389A2F14,QR-R-0146F22946
CARLOS,,FLORES,R-202503-0043,"JUN. 26, 2010","HOUSE #808 STREET 48, SANTO TOMAS, ALICIA, ISABELA, 6468",NO,,MALE,SINGLE,,,STUDENT,,,QR-R-A2FDECE248
JUAN,,MENDOZA,R-202503-0044,"JUN. 18, 2004","HOUSE #808 STREET 48, SANTO TOMAS, ALICIA, ISABELA, 6468",NO,,FEMALE,MARRIED,,,STUDENT,,,QR-R-E87A63F6DA
SOFIA,,ROBLES,R-202503-0045,"JUN. 29, 1976","HOUSE #808 STREET 48, SANTO TOMAS, ALICIA, ISABELA, 6468",NO,,FEMALE,MARRIED,,,VENDOR,PWD,D8D728312F3F,QR-R-9B3EF8F37C
ANA,,CRUZ,R-202503-0046,"JUN. 28, 2005","HOUSE #808 STREET 48, SANTO TOMAS, ALICIA, ISABELA, 6468",NO,,FEMALE,SINGLE,,,STUDENT,,,QR-R-39362C0AE1
ELENA,TORRES,LOPEZ,R-202503-0047,"FEB. 29, 1996","HOUSE #808 STREET 48, SANTO TOMAS, ALICIA, ISABELA, 6468",NO,,MALE,SINGLE,,,FACTORY_WORKER,,B3E57A26B6B5,QR-R-5FEBEF5115
LOURDES,AQUINO,CRUZ,R-202503-0048,"NOV. 22, 2014","HOUSE #808 STREET 48, SANTO TOMAS, ALICIA, ISABELA, 6468",NO,,FEMALE,SINGLE,,,STUDENT,,,QR-R-E39FF42EA7
ROSA,"DE LA CRUZ",REYES,R-202503-0049,"MAR. 18, 1964","HOUSE #793 STREET 8, SANTO TOMAS, ALICIA, ISABELA, 8715",NO,,MALE,MARRIED,,,RETIRED,"SENIOR CITIZEN",,QR-R-27A3EFD503
RAFAEL,MENDOZA,ROMERO,R-202503-0050,"FEB. 20, 1972","HOUSE #793 STREET 8, SANTO TOMAS, ALICIA, ISABELA, 8715",NO,,MALE,MARRIED,,,VENDOR,,,QR-R-683149DFAD
FRANCISCO,GONZALES,AQUINO,R-202503-0051,"OCT. 13, 2008","HOUSE #939 STREET 46, SAN PEDRO, ALICIA, ISABELA, 8772",NO,,FEMALE,SINGLE,,,STUDENT,,,QR-R-D909EFB55C
JUAN,REYES,PASCUAL,R-202503-0052,"FEB. 3, 2013","HOUSE #939 STREET 46, SAN PEDRO, ALICIA, ISABELA, 8772",NO,,MALE,SINGLE,,,STUDENT,,477B0381AACC,QR-R-22A56F8840
JUAN,RIVERA,HERNANDEZ,R-202503-0053,"SEP. 12, 1984","HOUSE #939 STREET 46, SAN PEDRO, ALICIA, ISABELA, 8772",NO,,FEMALE,MARRIED,,,LABORER,,,QR-R-81C58F796E
JUAN,SALAZAR,AQUINO,R-202503-0054,"JUN. 28, 1985","HOUSE #939 STREET 46, SAN PEDRO, ALICIA, ISABELA, 8772",NO,,MALE,MARRIED,,,LABORER,,,QR-R-8465BE1E6B
LOURDES,PEREZ,GUTIERREZ,R-202503-0055,"JUN. 8, 1942","HOUSE #939 STREET 46, SAN PEDRO, ALICIA, ISABELA, 8772",NO,,FEMALE,MARRIED,,,RETIRED,"SENIOR CITIZEN",,QR-R-2C284C3329
MARIA,,MENDOZA,R-202503-0056,"FEB. 1, 1980","HOUSE #83 STREET 39, DAGUPAN, ALICIA, ISABELA, 3977",NO,,FEMALE,MARRIED,,,FARMER,PWD,,QR-R-882BCA0157
ANA,SALAZAR,SANTOS,R-202503-0057,"APR. 30, 1950","HOUSE #83 STREET 39, DAGUPAN, ALICIA, ISABELA, 3977",NO,,MALE,SINGLE,,,VENDOR,"SENIOR CITIZEN, PWD",,QR-R-4F0B8CC76F
JUAN,NAVARRO,RIVERA,R-202503-0058,"APR. 11, 1972","HOUSE #943 STREET 30, CALAOCAN (POB.), ALICIA, ISABELA, 1081",NO,,MALE,SINGLE,,,VENDOR,,,QR-R-85888F1CEC
LUISA,,MORALES,R-202503-0059,"OCT. 12, 1966","HOUSE #943 STREET 30, CALAOCAN (POB.), ALICIA, ISABELA, 1081",NO,,FEMALE,MARRIED,,,FACTORY_WORKER,PWD,ED124F5D177B,QR-R-E890199AFA
MIGUEL,GONZALES,RIVERA,R-202503-0060,"SEP. 4, 2011","HOUSE #943 STREET 30, CALAOCAN (POB.), ALICIA, ISABELA, 1081",NO,,FEMALE,SINGLE,,,STUDENT,PWD,,QR-R-9BE1622417
SOFIA,CASTRO,GUTIERREZ,R-202503-0061,"SEP. 4, 1981","HOUSE #943 STREET 30, CALAOCAN (POB.), ALICIA, ISABELA, 1081",NO,,MALE,MARRIED,,,TEACHER,,,QR-R-2A60012EB7
SOFIA,,NAVARRO,R-202503-0062,"JUN. 7, 1994","HOUSE #220 STREET 29, LINGLINGAY, ALICIA, ISABELA, 7668",NO,,FEMALE,SEPARATED,,,FARMER,,,QR-R-0CD74644EE
JUAN,,"DE GUZMAN",R-202503-0063,"JUN. 11, 1985","HOUSE #220 STREET 29, LINGLINGAY, ALICIA, ISABELA, 7668",NO,,FEMALE,MARRIED,,,FARMER,,,QR-R-50D6359CF5
MIGUEL,GARCIA,PADILLA,R-202503-0064,"MAR. 12, 2009","HOUSE #220 STREET 29, LINGLINGAY, ALICIA, ISABELA, 7668",NO,,FEMALE,SINGLE,,,STUDENT,,,QR-R-14CE5D5683
MIGUEL,,GARCIA,R-202503-0065,"FEB. 25, 2011","HOUSE #703 STREET 29, AURORA, ALICIA, ISABELA, 2680",NO,,MALE,SINGLE,,,STUDENT,,,QR-R-4365A2F166
ANA,MENDOZA,CASTRO,R-202503-0066,"SEP. 3, 2005","HOUSE #703 STREET 29, AURORA, ALICIA, ISABELA, 2680",NO,,MALE,SINGLE,,,UNEMPLOYED,,,QR-R-BB13764248
ELENA,CRUZ,MORALES,R-202503-0067,"FEB. 7, 2001","HOUSE #703 STREET 29, AURORA, ALICIA, ISABELA, 2680",NO,,MALE,SINGLE,,,FACTORY_WORKER,,0F722416D9A3,QR-R-4F8D208234
LOURDES,CASTRO,"DEL ROSARIO",R-202503-0068,"MAY. 6, 1935","HOUSE #703 STREET 29, AURORA, ALICIA, ISABELA, 2680",NO,,FEMALE,MARRIED,,,RETIRED,"SENIOR CITIZEN",59A32819FB2B,QR-R-C4B5DE7855
CARMEN,,MARQUEZ,R-202503-0069,"JUL. 26, 1982","HOUSE #703 STREET 29, AURORA, ALICIA, ISABELA, 2680",NO,,FEMALE,WIDOWED,,,FACTORY_WORKER,,421CDA81D259,QR-R-5903203E73
PEDRO,,RODRIGUEZ,R-202503-0070,"APR. 26, 1989","HOUSE #703 STREET 29, AURORA, ALICIA, ISABELA, 2680",NO,,FEMALE,SINGLE,,,FARMER,,6B5061D67099,QR-R-3E36FD4E9C
FRANCISCO,SALAZAR,ESPIRITU,R-202503-0071,"MAR. 22, 2008","HOUSE #112 STREET 21, DAGUPAN, ALICIA, ISABELA, 6738",NO,,FEMALE,SINGLE,,,STUDENT,,27B3A09F604D,QR-R-79BB09AAB7
ELENA,PEREZ,ROBLES,R-202503-0072,"NOV. 4, 1996","HOUSE #112 STREET 21, DAGUPAN, ALICIA, ISABELA, 6738",NO,,MALE,MARRIED,,,TEACHER,,,QR-R-8F0CB0BDDA
MANUEL,RODRIGUEZ,ROBLES,R-202503-0073,"FEB. 14, 2008","HOUSE #112 STREET 21, DAGUPAN, ALICIA, ISABELA, 6738",NO,,MALE,SINGLE,,,STUDENT,PWD,,QR-R-DE79257A59
LOURDES,,"DE LA CRUZ",R-202503-0074,"JUN. 3, 2014","HOUSE #112 STREET 21, DAGUPAN, ALICIA, ISABELA, 6738",NO,,FEMALE,SINGLE,,,STUDENT,,702A34239FB6,QR-R-43BE28E5CA
MARIA,,DOMINGO,R-202503-0075,"JAN. 14, 1935","HOUSE #112 STREET 21, DAGUPAN, ALICIA, ISABELA, 6738",NO,,MALE,SINGLE,,,RETIRED,"SENIOR CITIZEN, PWD",,QR-R-3E4B8E20BE
PEDRO,DIAZ,"DE GUZMAN",R-202503-0076,"JAN. 14, 1966","HOUSE #112 STREET 21, DAGUPAN, ALICIA, ISABELA, 6738",NO,,MALE,WIDOWED,,,TEACHER,,,QR-R-4710D5430A
JUAN,CRUZ,NAVARRO,R-202503-0077,"NOV. 22, 2009","HOUSE #853 STREET 47, DAGUPAN, ALICIA, ISABELA, 4579",NO,,MALE,SINGLE,,,UNEMPLOYED,,,QR-R-28E6692191
JOSE,SANTOS,TORRES,R-202503-0078,"FEB. 25, 1972","HOUSE #853 STREET 47, DAGUPAN, ALICIA, ISABELA, 4579",NO,,FEMALE,MARRIED,,,PRIVATE_EMPLOYEE,,,QR-R-E735E5A063
CARMEN,,MORALES,R-202503-0079,"JUN. 10, 1965","HOUSE #853 STREET 47, DAGUPAN, ALICIA, ISABELA, 4579",NO,,FEMALE,MARRIED,,,FARMER,,,QR-R-43C276283A
PEDRO,,BAUTISTA,R-202503-0080,"JUN. 30, 1999","HOUSE #853 STREET 47, DAGUPAN, ALICIA, ISABELA, 4579",NO,,MALE,MARRIED,,,FACTORY_WORKER,,,QR-R-EEEB9B22B2
LOURDES,GARCIA,GUTIERREZ,R-202503-0081,"APR. 30, 2009","HOUSE #170 STREET 13, SAN FERNANDO, ALICIA, ISABELA, 3093",NO,,FEMALE,SINGLE,,,STUDENT,,,QR-R-2929D17292
MANUEL,,VALDEZ,R-202503-0082,"OCT. 12, 2024","HOUSE #170 STREET 13, SAN FERNANDO, ALICIA, ISABELA, 3093",NO,,MALE,SINGLE,,,STUDENT,,1C12EB0C29E7,QR-R-B49D661C38
JOSEFINA,RAMOS,PEREZ,R-202503-0083,"JUL. 12, 1989","HOUSE #170 STREET 13, SAN FERNANDO, ALICIA, ISABELA, 3093",NO,,FEMALE,MARRIED,,,TEACHER,,,QR-R-F008BA933C
CARLOS,,MARQUEZ,R-202503-0084,"DEC. 17, 2023","HOUSE #170 STREET 13, SAN FERNANDO, ALICIA, ISABELA, 3093",NO,,FEMALE,SINGLE,,,STUDENT,,,QR-R-43449ACCDF
LUISA,,SANTOS,R-202503-0085,"OCT. 16, 2000","HOUSE #170 STREET 13, SAN FERNANDO, ALICIA, ISABELA, 3093",NO,,FEMALE,SINGLE,,,PRIVATE_EMPLOYEE,,EC59ABD18BB4,QR-R-7D0ED1330B
TERESA,TORRES,MARQUEZ,R-202503-0086,"MAR. 24, 1990","HOUSE #856 STREET 23, MAGSAYSAY (POB.), ALICIA, ISABELA, 7373",NO,,MALE,SINGLE,,,FARMER,,0341598413AA,QR-R-6EDFAB692C
CARMEN,,SANTOS,R-202503-0087,"JAN. 14, 2003","HOUSE #856 STREET 23, MAGSAYSAY (POB.), ALICIA, ISABELA, 7373",NO,,FEMALE,SINGLE,,,UNEMPLOYED,,,QR-R-895DC46931
ANA,AQUINO,CASTRO,R-202503-0088,"SEP. 20, 2024","HOUSE #856 STREET 23, MAGSAYSAY (POB.), ALICIA, ISABELA, 7373",NO,,MALE,SINGLE,,,STUDENT,,0D0801599EC2,QR-R-F5CC8C82D8
MANUEL,FLORES,"DE LA CRUZ",R-202503-0089,"MAY. 14, 2003","HOUSE #856 STREET 23, MAGSAYSAY (POB.), ALICIA, ISABELA, 7373",NO,,FEMALE,SINGLE,,,FACTORY_WORKER,PWD,CB9CA7868E2D,QR-R-CD62EE9685
CARMEN,,VILLEGAS,R-202503-0090,"OCT. 15, 1997","HOUSE #856 STREET 23, MAGSAYSAY (POB.), ALICIA, ISABELA, 7373",NO,,FEMALE,SINGLE,,,FACTORY_WORKER,,,QR-R-2FB42D580F
LUIS,,BAUTISTA,R-202503-0091,"MAR. 3, 2023","HOUSE #856 STREET 23, MAGSAYSAY (POB.), ALICIA, ISABELA, 7373",NO,,MALE,SINGLE,,,STUDENT,PWD,,QR-R-22D2F64129
CARMEN,AQUINO,HERNANDEZ,R-202503-0092,"JUL. 26, 2010","HOUSE #321 STREET 34, INANAMA, ALICIA, ISABELA, 3183",NO,,FEMALE,SINGLE,,,STUDENT,,,QR-R-B67C8C9FAB
LUIS,RIVERA,MORALES,R-202503-0093,"APR. 30, 2005","HOUSE #321 STREET 34, INANAMA, ALICIA, ISABELA, 3183",NO,,MALE,SINGLE,,,STUDENT,,8E439704C238,QR-R-E8F3913BC7
JOSE,,VILLANUEVA,R-202503-0094,"JAN. 28, 2009","HOUSE #321 STREET 34, INANAMA, ALICIA, ISABELA, 3183",NO,,FEMALE,SINGLE,,,UNEMPLOYED,,62336396B5FC,QR-R-8F152235BE
LUIS,REYES,ROBLES,R-202503-0095,"SEP. 13, 1972","HOUSE #86 STREET 47, CALLAO, ALICIA, ISABELA, 8640",NO,,MALE,MARRIED,,,PRIVATE_EMPLOYEE,,93A1B8F52FEA,QR-R-D4287D1553
JOSEFINA,PEREZ,CRUZ,R-202503-0096,"OCT. 17, 1991","HOUSE #86 STREET 47, CALLAO, ALICIA, ISABELA, 8640",NO,,FEMALE,MARRIED,,,FARMER,,,QR-R-DA94C65A70
JUAN,CASTRO,RODRIGUEZ,R-202503-0097,"MAY. 26, 2008","HOUSE #86 STREET 47, CALLAO, ALICIA, ISABELA, 8640",NO,,MALE,SINGLE,,,STUDENT,,,QR-R-BBAA1B1CA4
JOSE,,SANTIAGO,R-202503-0098,"MAR. 17, 1976","HOUSE #86 STREET 47, CALLAO, ALICIA, ISABELA, 8640",NO,,FEMALE,MARRIED,,,PRIVATE_EMPLOYEE,,,QR-R-D0E60F4028
SOFIA,,PADILLA,R-202503-0099,"OCT. 15, 2009","HOUSE #86 STREET 47, CALLAO, ALICIA, ISABELA, 8640",NO,,MALE,SINGLE,,,STUDENT,,,QR-R-B1A4694568
LUISA,SANTOS,PADILLA,R-202503-0100,"JUN. 4, 2012","HOUSE #558 STREET 19, MABINI, ALICIA, ISABELA, 3165",NO,,FEMALE,SINGLE,,,STUDENT,,,QR-R-02192DF7C5
ANA,RIVERA,"DE GUZMAN",R-202503-0101,"MAY. 20, 1985","HOUSE #558 STREET 19, MABINI, ALICIA, ISABELA, 3165",NO,,FEMALE,MARRIED,,,VENDOR,,,QR-R-277555E203
MIGUEL,FLORES,"DE GUZMAN",R-202503-0102,"FEB. 29, 2004","HOUSE #558 STREET 19, MABINI, ALICIA, ISABELA, 3165",NO,,MALE,SINGLE,,,STUDENT,,,QR-R-AFFC0BFAE8
CARLOS,RIVERA,"DE LA CRUZ",R-202503-0103,"FEB. 5, 2008","HOUSE #558 STREET 19, MABINI, ALICIA, ISABELA, 3165",NO,,FEMALE,SINGLE,,,LABORER,,,QR-R-7642D6A89E
RAFAEL,LOPEZ,SANTIAGO,R-202503-0104,"JAN. 13, 2012","HOUSE #558 STREET 19, MABINI, ALICIA, ISABELA, 3165",NO,,FEMALE,SINGLE,,,STUDENT,,,QR-R-AF32C5F55D
ANTONIO,,LOPEZ,R-202503-0105,"JAN. 21, 2008","HOUSE #138 STREET 44, CALLAO, ALICIA, ISABELA, 9983",NO,,FEMALE,SINGLE,,,STUDENT,,,QR-R-16C232062D
PEDRO,AQUINO,RAMOS,R-202503-0106,"MAR. 22, 2001","HOUSE #138 STREET 44, CALLAO, ALICIA, ISABELA, 9983",NO,,MALE,SINGLE,,,LABORER,,42635EF12923,QR-R-7B14451D4A
RAFAEL,AQUINO,DOMINGO,R-202503-0107,"OCT. 23, 1988","HOUSE #138 STREET 44, CALLAO, ALICIA, ISABELA, 9983",NO,,FEMALE,MARRIED,,,LABORER,,,QR-R-D0FA1511A5
ROSA,LOPEZ,GONZALES,R-202503-0108,"APR. 3, 1991","HOUSE #109 STREET 8, BONIFACIO, ALICIA, ISABELA, 4048",NO,,MALE,MARRIED,,,TEACHER,,,QR-R-6D0FA7DB83
TERESA,,CASTRO,R-202503-0109,"MAR. 16, 2002","HOUSE #109 STREET 8, BONIFACIO, ALICIA, ISABELA, 4048",NO,,FEMALE,SINGLE,,,STUDENT,PWD,,QR-R-37EDFA88BD
LUIS,TORRES,TORRES,R-202503-0110,"MAR. 24, 1972","HOUSE #600 STREET 32, BAGONG SIKAT, ALICIA, ISABELA, 6105",NO,,FEMALE,MARRIED,,,PRIVATE_EMPLOYEE,,06E62C994454,QR-R-14A72FD6F9
CARLOS,FLORES,NAVARRO,R-202503-0111,"FEB. 25, 1975","HOUSE #600 STREET 32, BAGONG SIKAT, ALICIA, ISABELA, 6105",NO,,FEMALE,WIDOWED,,,FACTORY_WORKER,,,QR-R-F10092663A
FRANCISCO,,LOPEZ,R-202503-0112,"JAN. 10, 2000","HOUSE #600 STREET 32, BAGONG SIKAT, ALICIA, ISABELA, 6105",NO,,MALE,MARRIED,,,FARMER,,84B0BCB512D8,QR-R-873285FBDE
JUAN,,AQUINO,R-202503-0113,"NOV. 8, 2001","HOUSE #600 STREET 32, BAGONG SIKAT, ALICIA, ISABELA, 6105",NO,,FEMALE,SINGLE,,,PRIVATE_EMPLOYEE,,D5647CE09C83,QR-R-15CD105901
LUISA,LOPEZ,"DE LA CRUZ",R-202503-0114,"AUG. 21, 1983","HOUSE #948 STREET 49, BAGNOS, ALICIA, ISABELA, 6214",NO,,FEMALE,MARRIED,,,FACTORY_WORKER,,,QR-R-879E57B99F
RAFAEL,,DOMINGO,R-202503-0115,"JUL. 20, 1971","HOUSE #948 STREET 49, BAGNOS, ALICIA, ISABELA, 6214",NO,,FEMALE,MARRIED,,,FARMER,,,QR-R-B69C7A8457
ROSA,DOMINGO,ROMERO,R-202503-0116,"APR. 5, 1983","HOUSE #948 STREET 49, BAGNOS, ALICIA, ISABELA, 6214",NO,,FEMALE,SINGLE,,,VENDOR,PWD,,QR-R-A045DDD5AF
ROSA,NAVARRO,ROBLES,R-202503-0117,"FEB. 2, 1988","HOUSE #583 STREET 27, BAGONG SIKAT, ALICIA, ISABELA, 7381",NO,,MALE,SINGLE,,,DRIVER,,,QR-R-AD11B9B1FC
LUIS,"DE LA CRUZ",ESPIRITU,R-202503-0118,"DEC. 24, 1947","HOUSE #583 STREET 27, BAGONG SIKAT, ALICIA, ISABELA, 7381",NO,,FEMALE,MARRIED,,,VENDOR,"SENIOR CITIZEN, PWD",,QR-R-3FB8B0D0F0
SOFIA,CRUZ,DOMINGO,R-202503-0119,"JUN. 18, 2011","HOUSE #583 STREET 27, BAGONG SIKAT, ALICIA, ISABELA, 7381",NO,,MALE,SINGLE,,,STUDENT,PWD,,QR-R-3B669963CE
CARLOS,,SALAZAR,R-202503-0120,"MAY. 13, 1984","HOUSE #280 STREET 1, M.H. DEL PILAR, ALICIA, ISABELA, 1252",NO,,FEMALE,SINGLE,,,LABORER,,,QR-R-0E6CDB8A11
LUISA,CASTRO,PASCUAL,R-202503-0121,"MAR. 24, 1974","HOUSE #280 STREET 1, M.H. DEL PILAR, ALICIA, ISABELA, 1252",NO,,FEMALE,MARRIED,,,BUSINESS_OWNER,PWD,AC0DCABB3E9E,QR-R-80ED4ED9FA
ANTONIO,,LOPEZ,R-202503-0122,"MAR. 1, 1958","HOUSE #280 STREET 1, M.H. DEL PILAR, ALICIA, ISABELA, 1252",NO,,FEMALE,WIDOWED,,,RETIRED,"SENIOR CITIZEN, PWD",,QR-R-F54CEE530E
ELENA,NAVARRO,GUTIERREZ,R-202503-0123,"FEB. 19, 2019","HOUSE #280 STREET 1, M.H. DEL PILAR, ALICIA, ISABELA, 1252",NO,,FEMALE,SINGLE,,,STUDENT,,,QR-R-683CCC0765
ROSA,RAMOS,GARCIA,R-202503-0124,"AUG. 22, 2010","HOUSE #280 STREET 1, M.H. DEL PILAR, ALICIA, ISABELA, 1252",NO,,FEMALE,SINGLE,,,STUDENT,,,QR-R-BD6524A17C
ROSA,RIVERA,LOPEZ,R-202503-0125,"SEP. 2, 1991","HOUSE #773 STREET 10, SALVACION, ALICIA, ISABELA, 6667",NO,,MALE,SINGLE,,,VENDOR,,,QR-R-2C43E66980
ANTONIO,,NAVARRO,R-202503-0126,"JUN. 2, 1958","HOUSE #773 STREET 10, SALVACION, ALICIA, ISABELA, 6667",NO,,FEMALE,SEPARATED,,,RETIRED,"SENIOR CITIZEN",,QR-R-F10783C4CD
CARMEN,CRUZ,HERNANDEZ,R-202503-0127,"MAR. 21, 2011","HOUSE #773 STREET 10, SALVACION, ALICIA, ISABELA, 6667",NO,,MALE,SINGLE,,,STUDENT,PWD,529B95FDD39F,QR-R-5CA4AF8F53
ANA,GONZALES,BAUTISTA,R-202503-0128,"OCT. 8, 2003","HOUSE #773 STREET 10, SALVACION, ALICIA, ISABELA, 6667",NO,,FEMALE,SINGLE,,,LABORER,,53B78E35BF96,QR-R-B34A2A6C98
PEDRO,,SALAZAR,R-202503-0129,"JUN. 4, 1954","HOUSE #773 STREET 10, SALVACION, ALICIA, ISABELA, 6667",NO,,MALE,MARRIED,,,FARMER,"SENIOR CITIZEN, PWD",1B7756347ED9,QR-R-A0F5624CD8
MARIA,PEREZ,ROBLES,R-202503-0130,"JUL. 30, 1984","HOUSE #773 STREET 10, SALVACION, ALICIA, ISABELA, 6667",NO,,FEMALE,MARRIED,,,LABORER,,50540CC8FD6A,QR-R-302E133F45
ANTONIO,RIVERA,RIVERA,R-202503-0131,"MAY. 24, 1956","HOUSE #31 STREET 25, SANTO TOMAS, ALICIA, ISABELA, 9435",NO,,MALE,WIDOWED,,,RETIRED,"SENIOR CITIZEN",,QR-R-B01FA76E57
ELENA,GONZALES,ROMERO,R-202503-0132,"NOV. 29, 1981","HOUSE #31 STREET 25, SANTO TOMAS, ALICIA, ISABELA, 9435",NO,,MALE,SEPARATED,,,FARMER,,5FCBB89FE0DA,QR-R-9409C5BBBA
MIGUEL,,VALDEZ,R-202503-0133,"MAR. 10, 2002","HOUSE #31 STREET 25, SANTO TOMAS, ALICIA, ISABELA, 9435",NO,,MALE,SINGLE,,,FACTORY_WORKER,,,QR-R-097574AC24
JOSEFINA,TORRES,SANTIAGO,R-202503-0134,"NOV. 24, 1970","HOUSE #302 STREET 45, SAN FERNANDO, ALICIA, ISABELA, 2130",NO,,MALE,SEPARATED,,,PRIVATE_EMPLOYEE,PWD,E721A7219D7A,QR-R-F1E0CB8CC9
SOFIA,,CRUZ,R-202503-0135,"MAR. 30, 1999","HOUSE #302 STREET 45, SAN FERNANDO, ALICIA, ISABELA, 2130",NO,,MALE,MARRIED,,,DRIVER,,,QR-R-5C19FC246D
LOURDES,DIAZ,VILLEGAS,R-202503-0136,"JUN. 7, 1973","HOUSE #302 STREET 45, SAN FERNANDO, ALICIA, ISABELA, 2130",NO,,FEMALE,MARRIED,,,BUSINESS_OWNER,,,QR-R-8E0EB55C78
TERESA,CRUZ,PEREZ,R-202503-0137,"OCT. 16, 2009","HOUSE #186 STREET 24, SAN FRANCISCO, ALICIA, ISABELA, 6999",NO,,MALE,SINGLE,,,STUDENT,,01EFA0BB2DF0,QR-R-6E13C72F02
TERESA,,CRUZ,R-202503-0138,"MAY. 3, 2011","HOUSE #186 STREET 24, SAN FRANCISCO, ALICIA, ISABELA, 6999",NO,,FEMALE,SINGLE,,,STUDENT,,,QR-R-C7F37B7D94
RAFAEL,,MARTINEZ,R-202503-0139,"JAN. 18, 1988","HOUSE #186 STREET 24, SAN FRANCISCO, ALICIA, ISABELA, 6999",NO,,MALE,SINGLE,,,FARMER,PWD,,QR-R-2334399B09
PEDRO,LOPEZ,MENDOZA,R-202503-0140,"FEB. 7, 1935","HOUSE #186 STREET 24, SAN FRANCISCO, ALICIA, ISABELA, 6999",NO,,FEMALE,WIDOWED,,,VENDOR,"SENIOR CITIZEN",,QR-R-F07DD342E9
JUAN,,MORALES,R-202503-0141,"MAY. 5, 1974","HOUSE #186 STREET 24, SAN FRANCISCO, ALICIA, ISABELA, 6999",NO,,MALE,SINGLE,,,FACTORY_WORKER,,,QR-R-F5E9726023
JUAN,GONZALES,TORRES,R-202503-0142,"AUG. 25, 1980","HOUSE #251 STREET 9, MATAAS NA KAHOY, ALICIA, ISABELA, 6439",NO,,MALE,SINGLE,,,FARMER,,023110306B07,QR-R-14E2A892B6
PEDRO,PEREZ,ROMERO,R-202503-0143,"AUG. 12, 2008","HOUSE #251 STREET 9, MATAAS NA KAHOY, ALICIA, ISABELA, 6439",NO,,FEMALE,SINGLE,,,STUDENT,,57676E1C79DC,QR-R-92BA98623D
TERESA,SALAZAR,HERNANDEZ,R-202503-0144,"JUL. 1, 1976","HOUSE #251 STREET 9, MATAAS NA KAHOY, ALICIA, ISABELA, 6439",NO,,MALE,MARRIED,,,FACTORY_WORKER,,,QR-R-0834092D8D
RAFAEL,CASTRO,VILLEGAS,R-202503-0145,"DEC. 12, 1974","HOUSE #228 STREET 10, LINGLINGAY, ALICIA, ISABELA, 8995",NO,,FEMALE,SINGLE,,,GOVERNMENT_EMPLOYEE,,,QR-R-BC13B4A1D2
CARMEN,SANTOS,HERNANDEZ,R-202503-0146,"DEC. 13, 1973","HOUSE #228 STREET 10, LINGLINGAY, ALICIA, ISABELA, 8995",NO,,FEMALE,MARRIED,,,PRIVATE_EMPLOYEE,,,QR-R-69B25CBC8C
PEDRO,,MIRANDA,R-202503-0147,"JUN. 26, 1942","HOUSE #456 STREET 18, MABINI, ALICIA, ISABELA, 6630",NO,,FEMALE,MARRIED,,,RETIRED,"SENIOR CITIZEN, PWD",E0E80FA92DA0,QR-R-495BF00384
CARLOS,,MENDOZA,R-202503-0148,"MAY. 15, 2017","HOUSE #456 STREET 18, MABINI, ALICIA, ISABELA, 6630",NO,,MALE,SINGLE,,,STUDENT,,,QR-R-D029980B59
CARMEN,,"DEL ROSARIO",R-202503-0149,"APR. 17, 1996","HOUSE #456 STREET 18, MABINI, ALICIA, ISABELA, 6630",NO,,MALE,MARRIED,,,FARMER,,,QR-R-3C7DCB8A2B
ANA,SALAZAR,BAUTISTA,R-202503-0150,"AUG. 1, 1958","HOUSE #456 STREET 18, MABINI, ALICIA, ISABELA, 6630",NO,,MALE,SINGLE,,,UNEMPLOYED,"SENIOR CITIZEN, PWD",,QR-R-FBAE2B1FB6
CARMEN,,TORRES,R-202503-0151,"JUL. 24, 1973","HOUSE #456 STREET 18, MABINI, ALICIA, ISABELA, 6630",NO,,MALE,SEPARATED,,,TEACHER,,CF2AFB90A91D,QR-R-377C157781
ELENA,RAMOS,MIRANDA,R-202503-0152,"MAR. 30, 2009","HOUSE #225 STREET 5, AURORA, ALICIA, ISABELA, 8335",NO,,MALE,SINGLE,,,VENDOR,PWD,,QR-R-AFEF1B8B54
LUIS,,MARQUEZ,R-202503-0153,"APR. 15, 1985","HOUSE #225 STREET 5, AURORA, ALICIA, ISABELA, 8335",NO,,MALE,MARRIED,,,LABORER,,,QR-R-328380D558
ANA,,GONZALES,R-202503-0154,"OCT. 15, 1995","HOUSE #225 STREET 5, AURORA, ALICIA, ISABELA, 8335",NO,,MALE,MARRIED,,,DRIVER,,972FC063D427,QR-R-F8A7D05A7B
ELENA,REYES,VILLANUEVA,R-202503-0155,"MAY. 3, 1972","HOUSE #225 STREET 5, AURORA, ALICIA, ISABELA, 8335",NO,,FEMALE,SEPARATED,,,FACTORY_WORKER,,,QR-R-961CB9E020
JUAN,DIAZ,BAUTISTA,R-202503-0156,"MAR. 3, 2009","HOUSE #225 STREET 5, AURORA, ALICIA, ISABELA, 8335",NO,,MALE,SINGLE,,,STUDENT,,,QR-R-5A24CA664A
RAFAEL,,AQUINO,R-202503-0157,"APR. 26, 1960","HOUSE #225 STREET 5, AURORA, ALICIA, ISABELA, 8335",NO,,MALE,WIDOWED,,,RETIRED,"SENIOR CITIZEN",,QR-R-B3435A9C99
PEDRO,DIAZ,MORALES,R-202503-0158,"JAN. 3, 2010","HOUSE #205 STREET 15, BAGONG SIKAT, ALICIA, ISABELA, 4044",NO,,FEMALE,SINGLE,,,STUDENT,,,QR-R-09FA9C5FEE
JOSEFINA,MENDOZA,ROBLES,R-202503-0159,"JAN. 1, 1990","HOUSE #205 STREET 15, BAGONG SIKAT, ALICIA, ISABELA, 4044",NO,,FEMALE,MARRIED,,,FARMER,,,QR-R-EE692D5B95
ROSA,TORRES,SANTOS,R-202503-0160,"APR. 29, 1999","HOUSE #205 STREET 15, BAGONG SIKAT, ALICIA, ISABELA, 4044",NO,,FEMALE,MARRIED,,,DRIVER,,56F7F35087B5,QR-R-5888AE25DE
JOSEFINA,PEREZ,VILLANUEVA,R-202503-0161,"JUN. 23, 2009","HOUSE #205 STREET 15, BAGONG SIKAT, ALICIA, ISABELA, 4044",NO,,MALE,SINGLE,,,STUDENT,,,QR-R-31E7EA3A02
PEDRO,"DE LA CRUZ",MARQUEZ,R-202503-0162,"MAY. 19, 1999","HOUSE #205 STREET 15, BAGONG SIKAT, ALICIA, ISABELA, 4044",NO,,MALE,MARRIED,,,FARMER,,,QR-R-3BB07F10B0
ANTONIO,,NAVARRO,R-202503-0163,"DEC. 18, 2001","HOUSE #246 STREET 38, MABINI, ALICIA, ISABELA, 5855",NO,,FEMALE,MARRIED,,,DRIVER,,,QR-R-6883EEDC8C
ANTONIO,,"DELA PEñA",R-202503-0164,"OCT. 18, 2009","HOUSE #246 STREET 38, MABINI, ALICIA, ISABELA, 5855",NO,,MALE,SINGLE,,,STUDENT,,,QR-R-CE6E50CBB5
JUAN,PEREZ,ESPIRITU,R-202503-0165,"FEB. 17, 1993","HOUSE #246 STREET 38, MABINI, ALICIA, ISABELA, 5855",NO,,FEMALE,SINGLE,,,DRIVER,,F5030105FFC5,QR-R-1920C3BED5
MANUEL,DIAZ,SANTIAGO,R-202503-0166,"AUG. 28, 1986","HOUSE #246 STREET 38, MABINI, ALICIA, ISABELA, 5855",NO,,FEMALE,MARRIED,,,PRIVATE_EMPLOYEE,,E78DE315CC33,QR-R-16452B8DA2
MARIA,,REYES,R-202503-0167,"JUL. 14, 1968","HOUSE #246 STREET 38, MABINI, ALICIA, ISABELA, 5855",NO,,FEMALE,MARRIED,,,VENDOR,,,QR-R-6E0F26AB83
ROSA,RAMOS,LOPEZ,R-202503-0168,"DEC. 27, 2011","HOUSE #706 STREET 43, SAN JUAN, ALICIA, ISABELA, 4180",NO,,MALE,SINGLE,,,STUDENT,,,QR-R-0C78CD0688
SOFIA,,GUTIERREZ,R-202503-0169,"JUL. 16, 1972","HOUSE #706 STREET 43, SAN JUAN, ALICIA, ISABELA, 4180",NO,,FEMALE,SEPARATED,,,GOVERNMENT_EMPLOYEE,,,QR-R-C2590A5AD6
FRANCISCO,,MARTINEZ,R-202503-0170,"MAY. 31, 2009","HOUSE #706 STREET 43, SAN JUAN, ALICIA, ISABELA, 4180",NO,,FEMALE,SINGLE,,,STUDENT,,,QR-R-B103AB0FB8
CARLOS,TORRES,PEREZ,R-202503-0171,"APR. 30, 1974","HOUSE #706 STREET 43, SAN JUAN, ALICIA, ISABELA, 4180",NO,,FEMALE,WIDOWED,,,FACTORY_WORKER,PWD,,QR-R-DCC488A2D9
MARIA,TORRES,BAUTISTA,R-202503-0172,"MAY. 27, 2015","HOUSE #706 STREET 43, SAN JUAN, ALICIA, ISABELA, 4180",NO,,MALE,SINGLE,,,STUDENT,,,QR-R-6F4F6A3A1D
ELENA,CRUZ,RODRIGUEZ,R-202503-0173,"MAY. 27, 1996","HOUSE #936 STREET 15, MAGSAYSAY (POB.), ALICIA, ISABELA, 4458",NO,,FEMALE,SINGLE,,,FARMER,,,QR-R-5097660B72
ROSA,CRUZ,SALAZAR,R-202503-0174,"OCT. 30, 1968","HOUSE #936 STREET 15, MAGSAYSAY (POB.), ALICIA, ISABELA, 4458",NO,,FEMALE,SINGLE,,,LABORER,,,QR-R-E6CCACCC03
RAFAEL,CASTRO,VALDEZ,R-202503-0175,"AUG. 20, 2017","HOUSE #936 STREET 15, MAGSAYSAY (POB.), ALICIA, ISABELA, 4458",NO,,MALE,SINGLE,,,STUDENT,,,QR-R-57BBDAB167
LOURDES,GONZALES,DOMINGO,R-202503-0176,"NOV. 23, 2007","HOUSE #838 STREET 15, AURORA, ALICIA, ISABELA, 4882",NO,,MALE,SINGLE,,,UNEMPLOYED,,,QR-R-D1CE8AA9AD
RAFAEL,,TORRES,R-202503-0177,"JAN. 9, 2011","HOUSE #838 STREET 15, AURORA, ALICIA, ISABELA, 4882",NO,,FEMALE,SINGLE,,,STUDENT,,E6DBF968A11B,QR-R-1CEDB133F5
MANUEL,,DOMINGO,R-202503-0178,"DEC. 18, 1995","HOUSE #838 STREET 15, AURORA, ALICIA, ISABELA, 4882",NO,,MALE,MARRIED,,,TEACHER,,,QR-R-FFFD60B4C4
CARLOS,,RODRIGUEZ,R-202503-0179,"JUN. 25, 2004","HOUSE #838 STREET 15, AURORA, ALICIA, ISABELA, 4882",NO,,MALE,SINGLE,,,LABORER,,05BA794D18B3,QR-R-93A63D7652
CARMEN,,DIAZ,R-202503-0180,"FEB. 16, 2019","HOUSE #846 STREET 5, APANAY, ALICIA, ISABELA, 8509",NO,,FEMALE,SINGLE,,,STUDENT,,,QR-R-D74E132723
ANTONIO,,PADILLA,R-202503-0181,"MAY. 26, 1992","HOUSE #846 STREET 5, APANAY, ALICIA, ISABELA, 8509",NO,,FEMALE,SINGLE,,,FARMER,,,QR-R-303FEE0F30
LUIS,RODRIGUEZ,"DE GUZMAN",R-202503-0182,"AUG. 10, 2008","HOUSE #846 STREET 5, APANAY, ALICIA, ISABELA, 8509",NO,,FEMALE,SINGLE,,,STUDENT,,8BA42F04A70F,QR-R-C76FF436D8
MIGUEL,SANTOS,ROBLES,R-202503-0183,"JUN. 29, 1997","HOUSE #846 STREET 5, APANAY, ALICIA, ISABELA, 8509",NO,,MALE,SINGLE,,,TEACHER,,,QR-R-3F62F2AE31
ANA,DIAZ,RIVERA,R-202503-0184,"NOV. 7, 1944","HOUSE #834 STREET 42, ANTONINO (POB.), ALICIA, ISABELA, 4246",NO,,MALE,WIDOWED,,,UNEMPLOYED,"SENIOR CITIZEN",,QR-R-EF52B3BF19
JUAN,LOPEZ,FLORES,R-202503-0185,"DEC. 11, 1963","HOUSE #834 STREET 42, ANTONINO (POB.), ALICIA, ISABELA, 4246",NO,,MALE,MARRIED,,,RETIRED,"SENIOR CITIZEN",45686CB923CA,QR-R-56D696FC36
SOFIA,DOMINGO,BAUTISTA,R-202503-0186,"OCT. 14, 2010","HOUSE #834 STREET 42, ANTONINO (POB.), ALICIA, ISABELA, 4246",NO,,FEMALE,SINGLE,,,STUDENT,,,QR-R-2298F673BF
TERESA,NAVARRO,SANTOS,R-202503-0187,"JUL. 29, 1966","HOUSE #462 STREET 49, ZAMORA, ALICIA, ISABELA, 1321",NO,,FEMALE,SINGLE,,,DRIVER,,,QR-R-E1EDC6D0D6
FRANCISCO,,REYES,R-202503-0188,"JUL. 16, 1965","HOUSE #462 STREET 49, ZAMORA, ALICIA, ISABELA, 1321",NO,,MALE,MARRIED,,,FARMER,,,QR-R-B452937D5E
MARIA,,GARCIA,R-202503-0189,"JUN. 3, 2009","HOUSE #462 STREET 49, ZAMORA, ALICIA, ISABELA, 1321",NO,,MALE,SINGLE,,,STUDENT,,,QR-R-00E742D88C
ANTONIO,,ROMERO,R-202503-0190,"APR. 9, 1995","HOUSE #462 STREET 49, ZAMORA, ALICIA, ISABELA, 1321",NO,,FEMALE,SINGLE,,,FARMER,,60EEB50FA870,QR-R-5F8FCF3CD9
RAFAEL,,PASCUAL,R-202503-0191,"JAN. 27, 1956","HOUSE #462 STREET 49, ZAMORA, ALICIA, ISABELA, 1321",NO,,FEMALE,WIDOWED,,,FARMER,"SENIOR CITIZEN, PWD",,QR-R-0EF5030B79
PEDRO,NAVARRO,VILLANUEVA,R-202503-0192,"FEB. 19, 1995","HOUSE #462 STREET 49, ZAMORA, ALICIA, ISABELA, 1321",NO,,FEMALE,SINGLE,,,VENDOR,,5A6B6AA4BED3,QR-R-3890D61AAE
ANTONIO,DOMINGO,CRUZ,R-202503-0193,"JUN. 21, 2013","HOUSE #213 STREET 42, SANTA CRUZ, ALICIA, ISABELA, 1869",NO,,MALE,SINGLE,,,STUDENT,,EB3034FCDA8D,QR-R-19F24D2E7C
ANTONIO,,CRUZ,R-202503-0194,"MAR. 14, 1996","HOUSE #213 STREET 42, SANTA CRUZ, ALICIA, ISABELA, 1869",NO,,FEMALE,MARRIED,,,VENDOR,,579883C9D874,QR-R-63E7953F4B
LUIS,SANTOS,PEREZ,R-202503-0195,"JUL. 31, 2013","HOUSE #527 STREET 30, BAGONG SIKAT, ALICIA, ISABELA, 5443",NO,,FEMALE,SINGLE,,,STUDENT,,,QR-R-95C75A4A6C
JUAN,PEREZ,RODRIGUEZ,R-202503-0196,"JAN. 30, 1973","HOUSE #527 STREET 30, BAGONG SIKAT, ALICIA, ISABELA, 5443",NO,,MALE,MARRIED,,,TEACHER,,,QR-R-A78D161DEF
RAFAEL,GONZALES,"DE LA CRUZ",R-202503-0197,"JAN. 10, 1961","HOUSE #527 STREET 30, BAGONG SIKAT, ALICIA, ISABELA, 5443",NO,,FEMALE,MARRIED,,,RETIRED,"SENIOR CITIZEN, PWD",6F54AC6976D1,QR-R-A7F50940EC
PEDRO,LOPEZ,REYES,R-202503-0198,"NOV. 10, 2006","HOUSE #527 STREET 30, BAGONG SIKAT, ALICIA, ISABELA, 5443",NO,,MALE,SINGLE,,,PRIVATE_EMPLOYEE,,,QR-R-625D5146F0
MARIA,DOMINGO,MIRANDA,R-202503-0199,"JUN. 4, 1942","HOUSE #527 STREET 30, BAGONG SIKAT, ALICIA, ISABELA, 5443",NO,,MALE,WIDOWED,,,RETIRED,"SENIOR CITIZEN",,QR-R-68C09140FF
LOURDES,DIAZ,SANTOS,R-202503-0200,"JAN. 14, 1991","HOUSE #527 STREET 30, BAGONG SIKAT, ALICIA, ISABELA, 5443",NO,,FEMALE,SINGLE,,,DRIVER,,23E16CED16C6,QR-R-A9C723CA43
TERESA,LOPEZ,MIRANDA,R-202503-0201,"JAN. 19, 2005","HOUSE #341 STREET 2, LINGLINGAY, ALICIA, ISABELA, 5931",NO,,FEMALE,MARRIED,,,LABORER,,,QR-R-795FC85038
JUAN,"DE LA CRUZ",RAMOS,R-202503-0202,"JUL. 17, 2010","HOUSE #341 STREET 2, LINGLINGAY, ALICIA, ISABELA, 5931",NO,,FEMALE,SINGLE,,,STUDENT,,,QR-R-E9709D562B
LUIS,GONZALES,RIVERA,R-202503-0203,"OCT. 16, 1961","HOUSE #341 STREET 2, LINGLINGAY, ALICIA, ISABELA, 5931",NO,,MALE,WIDOWED,,,RETIRED,"SENIOR CITIZEN, PWD",C7DA4104B9D3,QR-R-987D9D231C
JUAN,MENDOZA,CRUZ,R-202503-0204,"MAY. 23, 1968","HOUSE #341 STREET 2, LINGLINGAY, ALICIA, ISABELA, 5931",NO,,FEMALE,MARRIED,,,PRIVATE_EMPLOYEE,,,QR-R-ADE7DD3440
LOURDES,AQUINO,CRUZ,R-202503-0205,"FEB. 22, 2011","HOUSE #341 STREET 2, LINGLINGAY, ALICIA, ISABELA, 5931",NO,,FEMALE,SINGLE,,,STUDENT,,,QR-R-7E25CE1B9A
ELENA,NAVARRO,ROBLES,R-202503-0206,"FEB. 28, 1939","HOUSE #171 STREET 35, MABINI, ALICIA, ISABELA, 2617",NO,,FEMALE,MARRIED,,,FARMER,"SENIOR CITIZEN, PWD",,QR-R-F24197B4F0
ROSA,NAVARRO,AQUINO,R-202503-0207,"JAN. 2, 1980","HOUSE #171 STREET 35, MABINI, ALICIA, ISABELA, 2617",NO,,MALE,MARRIED,,,LABORER,,,QR-R-1F520F113B
ROSA,GARCIA,SANTIAGO,R-202503-0208,"SEP. 19, 1950","HOUSE #171 STREET 35, MABINI, ALICIA, ISABELA, 2617",NO,,MALE,SINGLE,,,BUSINESS_OWNER,"SENIOR CITIZEN",6856B40487A5,QR-R-07805A72F9
PEDRO,,VALDEZ,R-202503-0209,"MAY. 14, 1999","HOUSE #171 STREET 35, MABINI, ALICIA, ISABELA, 2617",NO,,FEMALE,SINGLE,,,TEACHER,,,QR-R-D14FC33728
LUISA,GARCIA,RODRIGUEZ,R-202503-0210,"FEB. 26, 2023","HOUSE #171 STREET 35, MABINI, ALICIA, ISABELA, 2617",NO,,FEMALE,SINGLE,,,STUDENT,,,QR-R-0DBDCADEA1
MARIA,FLORES,MORALES,R-202503-0211,"JUL. 10, 2009","HOUSE #628 STREET 20, AMISTAD, ALICIA, ISABELA, 9660",NO,,FEMALE,SINGLE,,,STUDENT,,,QR-R-990884468F
CARLOS,FLORES,GARCIA,R-202503-0212,"JAN. 7, 1989","HOUSE #628 STREET 20, AMISTAD, ALICIA, ISABELA, 9660",NO,,FEMALE,SINGLE,,,DRIVER,,,QR-R-E00A807B6D
MIGUEL,TORRES,DIAZ,R-202503-0213,"DEC. 3, 1972","HOUSE #628 STREET 20, AMISTAD, ALICIA, ISABELA, 9660",NO,,MALE,MARRIED,,,FARMER,,,QR-R-8D1251ACCF
TERESA,CRUZ,TORRES,R-202503-0214,"MAR. 15, 1978","HOUSE #628 STREET 20, AMISTAD, ALICIA, ISABELA, 9660",NO,,FEMALE,MARRIED,,,VENDOR,PWD,,QR-R-D1EE85E6F8
MARIA,GONZALES,PADILLA,R-202503-0215,"AUG. 10, 2010","HOUSE #628 STREET 20, AMISTAD, ALICIA, ISABELA, 9660",NO,,MALE,SINGLE,,,STUDENT,,,QR-R-DAA1B55332
MARIA,DIAZ,RAMOS,R-202503-0216,"MAR. 10, 2018","HOUSE #307 STREET 15, SAN PEDRO, ALICIA, ISABELA, 4668",NO,,FEMALE,SINGLE,,,STUDENT,,,QR-R-4E80F43BFF
MARIA,,"DE LA CRUZ",R-202503-0217,"APR. 11, 2020","HOUSE #307 STREET 15, SAN PEDRO, ALICIA, ISABELA, 4668",NO,,MALE,SINGLE,,,STUDENT,,,QR-R-90BA26DA30
SOFIA,,PASCUAL,R-202503-0218,"SEP. 28, 1958","HOUSE #307 STREET 15, SAN PEDRO, ALICIA, ISABELA, 4668",NO,,MALE,MARRIED,,,FARMER,"SENIOR CITIZEN, PWD",,QR-R-9908469B78
JOSE,,ROMERO,R-202503-0219,"MAR. 5, 2019","HOUSE #307 STREET 15, SAN PEDRO, ALICIA, ISABELA, 4668",NO,,MALE,SINGLE,,,STUDENT,PWD,,QR-R-E535F682D6
CARMEN,RIVERA,PADILLA,R-202503-0220,"OCT. 28, 1937","HOUSE #415 STREET 47, VICTORIA, ALICIA, ISABELA, 5647",NO,,MALE,MARRIED,,,FARMER,"SENIOR CITIZEN",,QR-R-046AEB11B4
MIGUEL,RIVERA,VILLEGAS,R-202503-0221,"AUG. 29, 1980","HOUSE #415 STREET 47, VICTORIA, ALICIA, ISABELA, 5647",NO,,FEMALE,SEPARATED,,,DRIVER,,,QR-R-85927720F0
LUISA,,CASTRO,R-202503-0222,"MAR. 9, 2011","HOUSE #106 STREET 9, M.H. DEL PILAR, ALICIA, ISABELA, 7607",NO,,MALE,SINGLE,,,STUDENT,,,QR-R-E53A66CB65
FRANCISCO,,"DEL ROSARIO",R-202503-0223,"JAN. 16, 2003","HOUSE #106 STREET 9, M.H. DEL PILAR, ALICIA, ISABELA, 7607",NO,,FEMALE,SINGLE,,,STUDENT,,4717A70F31E5,QR-R-DC1C9EEA69
RAFAEL,,FLORES,R-202503-0224,"FEB. 5, 1997","HOUSE #389 STREET 33, BANTUG-PETINES, ALICIA, ISABELA, 6113",NO,,MALE,SINGLE,,,VENDOR,,,QR-R-F5792E2B5C
LUISA,,"DELA PEñA",R-202503-0225,"AUG. 29, 1970","HOUSE #389 STREET 33, BANTUG-PETINES, ALICIA, ISABELA, 6113",NO,,MALE,MARRIED,,,LABORER,,DA91EF9459FE,QR-R-8206244189
TERESA,RIVERA,MIRANDA,R-202503-0226,"OCT. 10, 2004","HOUSE #731 STREET 32, SAN ANTONIO (POB.), ALICIA, ISABELA, 7066",NO,,MALE,SINGLE,,,PRIVATE_EMPLOYEE,,,QR-R-35D999F6A4
RAFAEL,FLORES,VALDEZ,R-202503-0227,"AUG. 4, 1983","HOUSE #731 STREET 32, SAN ANTONIO (POB.), ALICIA, ISABELA, 7066",NO,,MALE,SEPARATED,,,DRIVER,,,QR-R-06A2414F42
RAFAEL,,REYES,R-202503-0228,"FEB. 4, 2023","HOUSE #731 STREET 32, SAN ANTONIO (POB.), ALICIA, ISABELA, 7066",NO,,MALE,SINGLE,,,STUDENT,,,QR-R-C91F5DA02C
FRANCISCO,REYES,RAMOS,R-202503-0229,"JUN. 27, 2011","HOUSE #478 STREET 26, SAN PABLO, ALICIA, ISABELA, 3388",NO,,FEMALE,SINGLE,,,STUDENT,,,QR-R-1D07DA21B4
ANA,DOMINGO,REYES,R-202503-0230,"APR. 10, 1982","HOUSE #478 STREET 26, SAN PABLO, ALICIA, ISABELA, 3388",NO,,MALE,SINGLE,,,BUSINESS_OWNER,,,QR-R-B8DE6359CF
JUAN,,MARQUEZ,R-202503-0231,"MAR. 17, 2015","HOUSE #478 STREET 26, SAN PABLO, ALICIA, ISABELA, 3388",NO,,FEMALE,SINGLE,,,STUDENT,,,QR-R-AD4994EA69
RAFAEL,,ROMERO,R-202503-0232,"JAN. 2, 1999","HOUSE #478 STREET 26, SAN PABLO, ALICIA, ISABELA, 3388",NO,,MALE,SINGLE,,,FACTORY_WORKER,PWD,,QR-R-496D8AE649
LUISA,LOPEZ,FLORES,R-202503-0233,"OCT. 28, 1999","HOUSE #478 STREET 26, SAN PABLO, ALICIA, ISABELA, 3388",NO,,FEMALE,MARRIED,,,LABORER,,,QR-R-A8DC8DC5DF
ROSA,GARCIA,GONZALES,R-202503-0234,"MAY. 10, 1998","HOUSE #478 STREET 26, SAN PABLO, ALICIA, ISABELA, 3388",NO,,FEMALE,SINGLE,,,LABORER,,A02064B8A412,QR-R-545E9B5DE4
CARLOS,AQUINO,"DE GUZMAN",R-202503-0235,"APR. 13, 2017","HOUSE #612 STREET 10, SANTO DOMINGO, ALICIA, ISABELA, 7124",NO,,MALE,SINGLE,,,STUDENT,,,QR-R-1D7EEF8EE1
FRANCISCO,REYES,RODRIGUEZ,R-202503-0236,"APR. 6, 2007","HOUSE #612 STREET 10, SANTO DOMINGO, ALICIA, ISABELA, 7124",NO,,FEMALE,SINGLE,,,STUDENT,PWD,22F5F5AB64C9,QR-R-E281D3AE6C
CARLOS,DIAZ,REYES,R-202503-0237,"JAN. 7, 2011","HOUSE #612 STREET 10, SANTO DOMINGO, ALICIA, ISABELA, 7124",NO,,MALE,SINGLE,,,STUDENT,PWD,,QR-R-C1EF56F0DF
TERESA,LOPEZ,ESPIRITU,R-202503-0238,"SEP. 23, 2024","HOUSE #729 STREET 38, BAGONG SIKAT, ALICIA, ISABELA, 5994",NO,,FEMALE,SINGLE,,,STUDENT,PWD,,QR-R-C51AAFA641
JUAN,REYES,MARQUEZ,R-202503-0239,"NOV. 26, 1984","HOUSE #729 STREET 38, BAGONG SIKAT, ALICIA, ISABELA, 5994",NO,,MALE,SINGLE,,,LABORER,,,QR-R-49111EB158
LUISA,PEREZ,NAVARRO,R-202503-0240,"AUG. 13, 1972","HOUSE #729 STREET 38, BAGONG SIKAT, ALICIA, ISABELA, 5994",NO,,MALE,MARRIED,,,TEACHER,,,QR-R-CEB4FBBB17
FRANCISCO,,VILLANUEVA,R-202503-0241,"MAR. 2, 1998","HOUSE #729 STREET 38, BAGONG SIKAT, ALICIA, ISABELA, 5994",NO,,FEMALE,MARRIED,,,LABORER,,,QR-R-2C33EB411F
RAFAEL,,VILLANUEVA,R-202503-0242,"OCT. 27, 2007","HOUSE #886 STREET 25, BAGNOS, ALICIA, ISABELA, 7097",NO,,MALE,SINGLE,,,STUDENT,,,QR-R-1C9146860E
CARMEN,RODRIGUEZ,REYES,R-202503-0243,"JAN. 24, 2009","HOUSE #886 STREET 25, BAGNOS, ALICIA, ISABELA, 7097",NO,,FEMALE,SINGLE,,,STUDENT,,,QR-R-77D7E20A0D
MIGUEL,,CRUZ,R-202503-0244,"OCT. 8, 2016","HOUSE #886 STREET 25, BAGNOS, ALICIA, ISABELA, 7097",NO,,FEMALE,SINGLE,,,STUDENT,,D9C0FF3B094A,QR-R-BC29A72EAA
RAFAEL,,VALDEZ,R-202503-0245,"SEP. 10, 1950","HOUSE #886 STREET 25, BAGNOS, ALICIA, ISABELA, 7097",NO,,MALE,WIDOWED,,,FARMER,"SENIOR CITIZEN",,QR-R-F2D1796800
JOSE,"DE LA CRUZ",FERNANDEZ,R-202503-0246,"JUN. 10, 2004","HOUSE #871 STREET 19, BAGONG SIKAT, ALICIA, ISABELA, 2979",NO,,MALE,SINGLE,,,STUDENT,,,QR-R-EC7BB0CF8A
FRANCISCO,GARCIA,"DELA PEñA",R-202503-0247,"JAN. 18, 2004","HOUSE #871 STREET 19, BAGONG SIKAT, ALICIA, ISABELA, 2979",NO,,MALE,SINGLE,,,LABORER,,E15789FBEBAA,QR-R-E7EF092B95
CARMEN,,ROMERO,R-202503-0248,"MAR. 18, 1951","HOUSE #871 STREET 19, BAGONG SIKAT, ALICIA, ISABELA, 2979",NO,,FEMALE,WIDOWED,,,UNEMPLOYED,"SENIOR CITIZEN",,QR-R-D85B54636C
FRANCISCO,DIAZ,VILLEGAS,R-202503-0249,"JUL. 22, 1999","HOUSE #890 STREET 49, M.H. DEL PILAR, ALICIA, ISABELA, 7503",NO,,MALE,MARRIED,,,FACTORY_WORKER,,,QR-R-7CFB28694B
CARMEN,MENDOZA,LOPEZ,R-202503-0250,"JUL. 18, 1969","HOUSE #890 STREET 49, M.H. DEL PILAR, ALICIA, ISABELA, 7503",NO,,MALE,SINGLE,,,VENDOR,,,QR-R-2B2120A507
TERESA,CASTRO,VALDEZ,R-202503-0251,"DEC. 15, 1944","HOUSE #890 STREET 49, M.H. DEL PILAR, ALICIA, ISABELA, 7503",NO,,FEMALE,MARRIED,,,RETIRED,"SENIOR CITIZEN",D63C3002976D,QR-R-78391B7F8F
LUISA,,SALAZAR,R-202503-0252,"APR. 1, 2020","HOUSE #890 STREET 49, M.H. DEL PILAR, ALICIA, ISABELA, 7503",NO,,MALE,SINGLE,,,STUDENT,,,QR-R-05B2C8ED22
ELENA,LOPEZ,AQUINO,R-202503-0253,"SEP. 10, 1965","HOUSE #670 STREET 28, SAN ANTONIO (POB.), ALICIA, ISABELA, 2583",NO,,MALE,SINGLE,,,FARMER,,0D2B85CD81C4,QR-R-C2E2F15B17
PEDRO,,SANTIAGO,R-202503-0254,"FEB. 16, 1992","HOUSE #670 STREET 28, SAN ANTONIO (POB.), ALICIA, ISABELA, 2583",NO,,MALE,SINGLE,,,TEACHER,,,QR-R-58A8F7C0F5
MIGUEL,CRUZ,REYES,R-202503-0255,"SEP. 1, 2002","HOUSE #670 STREET 28, SAN ANTONIO (POB.), ALICIA, ISABELA, 2583",NO,,FEMALE,SINGLE,,,PRIVATE_EMPLOYEE,,C7151E550DD7,QR-R-D3A5265C01
MIGUEL,,RAMOS,R-202503-0256,"OCT. 1, 1999","HOUSE #670 STREET 28, SAN ANTONIO (POB.), ALICIA, ISABELA, 2583",NO,,FEMALE,MARRIED,,,DRIVER,PWD,895E9C597179,QR-R-EC8139DF83
PEDRO,REYES,MORALES,R-202503-0257,"MAR. 11, 1991","HOUSE #670 STREET 28, SAN ANTONIO (POB.), ALICIA, ISABELA, 2583",NO,,MALE,SINGLE,,,LABORER,,,QR-R-6691B345D3
FRANCISCO,TORRES,GARCIA,R-202503-0258,"APR. 17, 2018","HOUSE #670 STREET 28, SAN ANTONIO (POB.), ALICIA, ISABELA, 2583",NO,,FEMALE,SINGLE,,,STUDENT,PWD,,QR-R-9B6E16644E
JUAN,,DOMINGO,R-202503-0259,"JUN. 19, 1972","HOUSE #546 STREET 29, ANTONINO (POB.), ALICIA, ISABELA, 3152",NO,,MALE,SINGLE,,,LABORER,,,QR-R-154CA21EFF
RAFAEL,GARCIA,SANTIAGO,R-202503-0260,"JUN. 4, 2004","HOUSE #546 STREET 29, ANTONINO (POB.), ALICIA, ISABELA, 3152",NO,,FEMALE,SINGLE,,,STUDENT,,,QR-R-42135ECCC1
SOFIA,,ROBLES,R-202503-0261,"DEC. 4, 2006","HOUSE #546 STREET 29, ANTONINO (POB.), ALICIA, ISABELA, 3152",NO,,MALE,SINGLE,,,LABORER,,,QR-R-221316A92B
JOSE,REYES,PASCUAL,R-202503-0262,"JUN. 26, 1965","HOUSE #546 STREET 29, ANTONINO (POB.), ALICIA, ISABELA, 3152",NO,,MALE,MARRIED,,,DRIVER,PWD,,QR-R-9C66D73CA7
JUAN,CRUZ,VILLANUEVA,R-202503-0263,"MAY. 6, 2014","HOUSE #942 STREET 10, BANTUG-PETINES, ALICIA, ISABELA, 7501",NO,,FEMALE,SINGLE,,,STUDENT,,,QR-R-CF769C2CD4
LUIS,AQUINO,CASTRO,R-202503-0264,"MAY. 8, 2006","HOUSE #942 STREET 10, BANTUG-PETINES, ALICIA, ISABELA, 7501",NO,,FEMALE,SINGLE,,,STUDENT,,,QR-R-546898BD57
MIGUEL,SALAZAR,LOPEZ,R-202503-0265,"JUN. 5, 2010","HOUSE #942 STREET 10, BANTUG-PETINES, ALICIA, ISABELA, 7501",NO,,FEMALE,SINGLE,,,STUDENT,,,QR-R-4D93B116A7
JUAN,,DIAZ,R-202503-0266,"APR. 19, 2002","HOUSE #942 STREET 10, BANTUG-PETINES, ALICIA, ISABELA, 7501",NO,,MALE,SINGLE,,,STUDENT,,D98ED4B00BBB,QR-R-C6A1187094
JOSEFINA,CRUZ,TORRES,R-202503-0267,"DEC. 7, 1941","HOUSE #942 STREET 10, BANTUG-PETINES, ALICIA, ISABELA, 7501",NO,,MALE,WIDOWED,,,UNEMPLOYED,"SENIOR CITIZEN",,QR-R-BBA087DCF3
LUIS,,AQUINO,R-202503-0268,"MAR. 20, 1934","HOUSE #942 STREET 10, BANTUG-PETINES, ALICIA, ISABELA, 7501",NO,,MALE,MARRIED,,,BUSINESS_OWNER,"SENIOR CITIZEN, PWD",5C05DE630328,QR-R-6575D9A50D
ELENA,REYES,HERNANDEZ,R-202503-0269,"JUN. 25, 1985","HOUSE #989 STREET 23, SANTA MARIA, ALICIA, ISABELA, 2511",NO,,MALE,MARRIED,,,GOVERNMENT_EMPLOYEE,,,QR-R-6D1CA2C0BA
SOFIA,CRUZ,RIVERA,R-202503-0270,"FEB. 11, 2018","HOUSE #989 STREET 23, SANTA MARIA, ALICIA, ISABELA, 2511",NO,,MALE,SINGLE,,,STUDENT,,,QR-R-C7FD6A6F81
MARIA,,PEREZ,R-202503-0271,"JUN. 26, 2017","HOUSE #989 STREET 23, SANTA MARIA, ALICIA, ISABELA, 2511",NO,,MALE,SINGLE,,,STUDENT,,,QR-R-9E98E7E56E
LUISA,"DE LA CRUZ",MIRANDA,R-202503-0272,"MAR. 13, 1972","HOUSE #989 STREET 23, SANTA MARIA, ALICIA, ISABELA, 2511",NO,,FEMALE,MARRIED,,,TEACHER,,,QR-R-E7CEB7B470
JUAN,MENDOZA,MARTINEZ,R-202503-0273,"MAR. 24, 1989","HOUSE #989 STREET 23, SANTA MARIA, ALICIA, ISABELA, 2511",NO,,FEMALE,SEPARATED,,,DRIVER,,,QR-R-C289FBC579
JOSEFINA,,MIRANDA,R-202503-0274,"MAR. 13, 1982","HOUSE #842 STREET 39, SAN PEDRO, ALICIA, ISABELA, 9178",NO,,MALE,MARRIED,,,UNEMPLOYED,,,QR-R-17EB55292E
ELENA,,MARTINEZ,R-202503-0275,"DEC. 18, 2023","HOUSE #842 STREET 39, SAN PEDRO, ALICIA, ISABELA, 9178",NO,,FEMALE,SINGLE,,,STUDENT,,,QR-R-C7C55B1877
LOURDES,SALAZAR,CASTRO,R-202503-0276,"JUL. 3, 2014","HOUSE #842 STREET 39, SAN PEDRO, ALICIA, ISABELA, 9178",NO,,MALE,SINGLE,,,STUDENT,,,QR-R-70C6F04A9D
MANUEL,,ROBLES,R-202503-0277,"DEC. 18, 1987","HOUSE #842 STREET 39, SAN PEDRO, ALICIA, ISABELA, 9178",NO,,MALE,SINGLE,,,DRIVER,,,QR-R-C93BC1EA8D
ROSA,"DE LA CRUZ",SALAZAR,R-202503-0278,"JUN. 23, 1994","HOUSE #842 STREET 39, SAN PEDRO, ALICIA, ISABELA, 9178",NO,,FEMALE,MARRIED,,,FARMER,,,QR-R-CF972A25E0
LUISA,,DIAZ,R-202503-0279,"JUN. 5, 2020","HOUSE #130 STREET 34, INANAMA, ALICIA, ISABELA, 8412",NO,,MALE,SINGLE,,,STUDENT,,3A8853D54C0C,QR-R-DA167C7929
FRANCISCO,CRUZ,AQUINO,R-202503-0280,"SEP. 7, 1973","HOUSE #130 STREET 34, INANAMA, ALICIA, ISABELA, 8412",NO,,FEMALE,MARRIED,,,VENDOR,,,QR-R-541E3BEF81
FRANCISCO,,"DEL ROSARIO",R-202503-0281,"DEC. 22, 1990","HOUSE #130 STREET 34, INANAMA, ALICIA, ISABELA, 8412",NO,,MALE,SINGLE,,,BUSINESS_OWNER,,0785CB8D81A0,QR-R-92BD3E9847
ROSA,AQUINO,ROMERO,R-202503-0282,"MAY. 31, 1948","HOUSE #130 STREET 34, INANAMA, ALICIA, ISABELA, 8412",NO,,MALE,WIDOWED,,,RETIRED,"SENIOR CITIZEN",,QR-R-3FBBAF2F8D
CARMEN,GONZALES,"DELA PEñA",R-202503-0283,"DEC. 27, 1973","HOUSE #944 STREET 33, MAGSAYSAY (POB.), ALICIA, ISABELA, 8949",NO,,MALE,SINGLE,,,BUSINESS_OWNER,,,QR-R-C896779904
MIGUEL,,REYES,R-202503-0284,"AUG. 2, 2009","HOUSE #944 STREET 33, MAGSAYSAY (POB.), ALICIA, ISABELA, 8949",NO,,MALE,SINGLE,,,STUDENT,,,QR-R-ECA04829CA
ANTONIO,,VALDEZ,R-202503-0285,"DEC. 18, 1994","HOUSE #589 STREET 38, CALLAO, ALICIA, ISABELA, 6028",NO,,MALE,MARRIED,,,GOVERNMENT_EMPLOYEE,,C8890633553B,QR-R-F918E8CCBE
MIGUEL,GARCIA,FLORES,R-202503-0286,"DEC. 10, 2006","HOUSE #589 STREET 38, CALLAO, ALICIA, ISABELA, 6028",NO,,FEMALE,SINGLE,,,PRIVATE_EMPLOYEE,PWD,,QR-R-812F206ED3
CARMEN,,CRUZ,R-202503-0287,"AUG. 26, 1995","HOUSE #589 STREET 38, CALLAO, ALICIA, ISABELA, 6028",NO,,MALE,MARRIED,,,LABORER,,,QR-R-6A207C1B15
PEDRO,REYES,FERNANDEZ,R-202503-0288,"NOV. 25, 2012","HOUSE #589 STREET 38, CALLAO, ALICIA, ISABELA, 6028",NO,,MALE,SINGLE,,,STUDENT,,,QR-R-360AC575DC
ELENA,DOMINGO,ESPIRITU,R-202503-0289,"SEP. 1, 2002","HOUSE #589 STREET 38, CALLAO, ALICIA, ISABELA, 6028",NO,,MALE,SINGLE,,,STUDENT,,,QR-R-63085A5096
JOSE,CRUZ,TORRES,R-202503-0290,"DEC. 23, 1997","HOUSE #866 STREET 41, AMISTAD, ALICIA, ISABELA, 3225",NO,,MALE,MARRIED,,,FARMER,,CB7C514D1C35,QR-R-AC8051C46D
JOSE,SALAZAR,NAVARRO,R-202503-0291,"JUL. 14, 2024","HOUSE #866 STREET 41, AMISTAD, ALICIA, ISABELA, 3225",NO,,FEMALE,SINGLE,,,STUDENT,,,QR-R-61F361BC92
LOURDES,CRUZ,ROBLES,R-202503-0292,"FEB. 23, 1979","HOUSE #866 STREET 41, AMISTAD, ALICIA, ISABELA, 3225",NO,,FEMALE,SINGLE,,,VENDOR,,,QR-R-BAED5855C3
ELENA,REYES,"DE GUZMAN",R-202503-0293,"DEC. 27, 1978","HOUSE #866 STREET 41, AMISTAD, ALICIA, ISABELA, 3225",NO,,MALE,SINGLE,,,PRIVATE_EMPLOYEE,,,QR-R-5B05690923
RAFAEL,CRUZ,DIAZ,R-202503-0294,"OCT. 24, 2002","HOUSE #866 STREET 41, AMISTAD, ALICIA, ISABELA, 3225",NO,,MALE,SINGLE,,,PRIVATE_EMPLOYEE,,9BA7D0DAC706,QR-R-AC536B5A94
JOSEFINA,DOMINGO,SANTOS,R-202503-0295,"AUG. 21, 1984","HOUSE #830 STREET 10, BONIFACIO, ALICIA, ISABELA, 8877",NO,,FEMALE,MARRIED,,,VENDOR,,5F80BB13BEE9,QR-R-E27F554092
ANA,,CRUZ,R-202503-0296,"OCT. 6, 1935","HOUSE #830 STREET 10, BONIFACIO, ALICIA, ISABELA, 8877",NO,,FEMALE,WIDOWED,,,RETIRED,"SENIOR CITIZEN",,QR-R-9605F2E8EB
PEDRO,DIAZ,CASTRO,R-202503-0297,"JUN. 15, 1963","HOUSE #118 STREET 12, ANTONINO (POB.), ALICIA, ISABELA, 2776",NO,,FEMALE,MARRIED,,,VENDOR,"SENIOR CITIZEN",,QR-R-F9ADA44411
LUISA,"DE LA CRUZ",SANTIAGO,R-202503-0298,"APR. 29, 2009","HOUSE #118 STREET 12, ANTONINO (POB.), ALICIA, ISABELA, 2776",NO,,FEMALE,SINGLE,,,STUDENT,,,QR-R-D7E8902DC0
MIGUEL,TORRES,FERNANDEZ,R-202503-0299,"SEP. 5, 1985","HOUSE #118 STREET 12, ANTONINO (POB.), ALICIA, ISABELA, 2776",NO,,FEMALE,MARRIED,,,VENDOR,PWD,,QR-R-CA49C5EC37
LUISA,RAMOS,GARCIA,R-202503-0300,"MAY. 26, 1996","HOUSE #118 STREET 12, ANTONINO (POB.), ALICIA, ISABELA, 2776",NO,,FEMALE,SINGLE,,,LABORER,,,QR-R-C16EC309E5
JUAN,MENDOZA,ROMERO,R-202503-0301,"SEP. 9, 1979","HOUSE #118 STREET 12, ANTONINO (POB.), ALICIA, ISABELA, 2776",NO,,MALE,MARRIED,,,DRIVER,,BDE7933FC5D4,QR-R-830AC7B782
ANTONIO,CASTRO,ESPIRITU,R-202503-0302,"APR. 12, 1934","HOUSE #488 STREET 12, RIZAL, ALICIA, ISABELA, 1163",NO,,FEMALE,SINGLE,,,VENDOR,"SENIOR CITIZEN",,QR-R-CB324EA35F
JOSEFINA,,RAMOS,R-202503-0303,"MAY. 30, 2011","HOUSE #488 STREET 12, RIZAL, ALICIA, ISABELA, 1163",NO,,MALE,SINGLE,,,STUDENT,,BA32F01CFF27,QR-R-B6BF0916CF
ROSA,"DE LA CRUZ",GONZALES,R-202503-0304,"JUN. 29, 1981","HOUSE #488 STREET 12, RIZAL, ALICIA, ISABELA, 1163",NO,,FEMALE,MARRIED,,,FARMER,,,QR-R-C7D4F5C3E6
MARIA,RIVERA,MIRANDA,R-202503-0305,"DEC. 5, 1967","HOUSE #488 STREET 12, RIZAL, ALICIA, ISABELA, 1163",NO,,MALE,WIDOWED,,,VENDOR,,4DA4242C06E9,QR-R-AABE6C8789
JOSEFINA,,PASCUAL,R-202503-0306,"JUN. 29, 1967","HOUSE #488 STREET 12, RIZAL, ALICIA, ISABELA, 1163",NO,,FEMALE,MARRIED,,,FARMER,,,QR-R-9B7692DF37
MARIA,,GARCIA,R-202503-0307,"MAY. 20, 1980","HOUSE #178 STREET 13, SAN JUAN, ALICIA, ISABELA, 4904",NO,,FEMALE,MARRIED,,,PRIVATE_EMPLOYEE,,,QR-R-86F0709756
LOURDES,GONZALES,GONZALES,R-202503-0308,"SEP. 13, 1951","HOUSE #178 STREET 13, SAN JUAN, ALICIA, ISABELA, 4904",NO,,FEMALE,MARRIED,,,FARMER,"SENIOR CITIZEN",,QR-R-B7EEBA1393
ANA,,MARQUEZ,R-202503-0309,"FEB. 26, 2011","HOUSE #825 STREET 23, AMISTAD, ALICIA, ISABELA, 6238",NO,,FEMALE,SINGLE,,,STUDENT,,,QR-R-758C3DD404
SOFIA,PEREZ,SANTOS,R-202503-0310,"JAN. 2, 1991","HOUSE #825 STREET 23, AMISTAD, ALICIA, ISABELA, 6238",NO,,FEMALE,MARRIED,,,FACTORY_WORKER,,1707CDDD3F19,QR-R-962F3D4293
MARIA,"DE LA CRUZ",MORALES,R-202503-0311,"SEP. 24, 1998","HOUSE #825 STREET 23, AMISTAD, ALICIA, ISABELA, 6238",NO,,MALE,SEPARATED,,,VENDOR,,,QR-R-1A129D54E9
RAFAEL,,REYES,R-202503-0312,"DEC. 28, 1961","HOUSE #825 STREET 23, AMISTAD, ALICIA, ISABELA, 6238",NO,,MALE,MARRIED,,,RETIRED,"SENIOR CITIZEN",,QR-R-D9DB3E52F1
JUAN,,PASCUAL,R-202503-0313,"DEC. 26, 1936","HOUSE #825 STREET 23, AMISTAD, ALICIA, ISABELA, 6238",NO,,FEMALE,MARRIED,,,UNEMPLOYED,"SENIOR CITIZEN, PWD",,QR-R-91305C216E
ANA,"DE LA CRUZ",MENDOZA,R-202503-0314,"MAY. 29, 2007","HOUSE #825 STREET 23, AMISTAD, ALICIA, ISABELA, 6238",NO,,MALE,SINGLE,,,STUDENT,,,QR-R-35AC5E598C
ANTONIO,FLORES,LOPEZ,R-202503-0315,"APR. 1, 1944","HOUSE #204 STREET 20, SAN PABLO, ALICIA, ISABELA, 5304",NO,,FEMALE,MARRIED,,,RETIRED,"SENIOR CITIZEN",8CE27974C14F,QR-R-E70D982FE5
RAFAEL,GARCIA,GONZALES,R-202503-0316,"APR. 12, 1936","HOUSE #204 STREET 20, SAN PABLO, ALICIA, ISABELA, 5304",NO,,FEMALE,MARRIED,,,RETIRED,"SENIOR CITIZEN",,QR-R-B49283E9C9
MARIA,RODRIGUEZ,FLORES,R-202503-0317,"MAR. 17, 2024","HOUSE #479 STREET 16, SANTO DOMINGO, ALICIA, ISABELA, 7861",NO,,FEMALE,SINGLE,,,STUDENT,PWD,,QR-R-06A7F8BC54
LOURDES,AQUINO,GUTIERREZ,R-202503-0318,"FEB. 1, 2020","HOUSE #479 STREET 16, SANTO DOMINGO, ALICIA, ISABELA, 7861",NO,,MALE,SINGLE,,,STUDENT,,,QR-R-CBDB3CDD05
CARMEN,,DIAZ,R-202503-0319,"OCT. 8, 2012","HOUSE #479 STREET 16, SANTO DOMINGO, ALICIA, ISABELA, 7861",NO,,FEMALE,SINGLE,,,STUDENT,,,QR-R-F2D61331C9
TERESA,,PEREZ,R-202503-0320,"AUG. 6, 1994","HOUSE #479 STREET 16, SANTO DOMINGO, ALICIA, ISABELA, 7861",NO,,FEMALE,SINGLE,,,VENDOR,,,QR-R-9087B1A873
LUISA,GONZALES,MARQUEZ,R-202503-0321,"DEC. 23, 1938","HOUSE #854 STREET 13, APANAY, ALICIA, ISABELA, 3228",NO,,FEMALE,SINGLE,,,UNEMPLOYED,"SENIOR CITIZEN, PWD",D8A8E813F652,QR-R-B1E8CE4A58
MANUEL,PEREZ,GONZALES,R-202503-0322,"JAN. 10, 1980","HOUSE #854 STREET 13, APANAY, ALICIA, ISABELA, 3228",NO,,FEMALE,WIDOWED,,,LABORER,,,QR-R-D78FDE5176
MIGUEL,,MIRANDA,R-202503-0323,"DEC. 23, 1992","HOUSE #854 STREET 13, APANAY, ALICIA, ISABELA, 3228",NO,,FEMALE,MARRIED,,,UNEMPLOYED,,,QR-R-2F80394FD3
JUAN,GONZALES,VILLANUEVA,R-202503-0324,"DEC. 11, 2003","HOUSE #854 STREET 13, APANAY, ALICIA, ISABELA, 3228",NO,,MALE,SINGLE,,,STUDENT,,56F709DD2A9E,QR-R-84D3F14F51
ELENA,,"DEL ROSARIO",R-202503-0325,"MAY. 7, 2006","HOUSE #854 STREET 13, APANAY, ALICIA, ISABELA, 3228",NO,,MALE,SINGLE,,,LABORER,,,QR-R-04B4046FC7
ANA,DIAZ,MENDOZA,R-202503-0326,"FEB. 18, 2008","HOUSE #854 STREET 13, APANAY, ALICIA, ISABELA, 3228",NO,,MALE,SINGLE,,,VENDOR,,,QR-R-C5CAB27C1D
CARLOS,,ROBLES,R-202503-0327,"MAY. 1, 1989","HOUSE #426 STREET 37, SAN JUAN, ALICIA, ISABELA, 6023",NO,,FEMALE,MARRIED,,,FARMER,,4E6EEDC95914,QR-R-691061B5C2
ELENA,MENDOZA,MORALES,R-202503-0328,"JAN. 1, 1960","HOUSE #426 STREET 37, SAN JUAN, ALICIA, ISABELA, 6023",NO,,FEMALE,SINGLE,,,RETIRED,"SENIOR CITIZEN",,QR-R-07EEEC2082
PEDRO,RIVERA,SALAZAR,R-202503-0329,"SEP. 17, 1992","HOUSE #426 STREET 37, SAN JUAN, ALICIA, ISABELA, 6023",NO,,FEMALE,MARRIED,,,FARMER,,,QR-R-4682465337
SOFIA,RIVERA,VILLEGAS,R-202503-0330,"MAY. 1, 1988","HOUSE #969 STREET 43, MATAAS NA KAHOY, ALICIA, ISABELA, 2781",NO,,MALE,WIDOWED,,,FACTORY_WORKER,,,QR-R-1504432BE5
TERESA,RODRIGUEZ,NAVARRO,R-202503-0331,"OCT. 29, 2000","HOUSE #969 STREET 43, MATAAS NA KAHOY, ALICIA, ISABELA, 2781",NO,,FEMALE,SINGLE,,,FACTORY_WORKER,,,QR-R-A0D0D2025E
SOFIA,,MARQUEZ,R-202503-0332,"JUL. 4, 1983","HOUSE #969 STREET 43, MATAAS NA KAHOY, ALICIA, ISABELA, 2781",NO,,MALE,MARRIED,,,TEACHER,,,QR-R-EDFD52AB9E
ROSA,FLORES,PEREZ,R-202503-0333,"NOV. 28, 2006","HOUSE #655 STREET 35, BURGOS, ALICIA, ISABELA, 2078",NO,,MALE,SINGLE,,,UNEMPLOYED,,7E9D6F80D560,QR-R-35B43863B9
CARLOS,,PEREZ,R-202503-0334,"JUL. 31, 1976","HOUSE #655 STREET 35, BURGOS, ALICIA, ISABELA, 2078",NO,,FEMALE,MARRIED,,,VENDOR,PWD,,QR-R-B4E79B55DA
ANA,GONZALES,DIAZ,R-202503-0335,"AUG. 14, 1960","HOUSE #776 STREET 6, SAN PABLO, ALICIA, ISABELA, 5852",NO,,MALE,MARRIED,,,RETIRED,"SENIOR CITIZEN",,QR-R-8278F0F278
LOURDES,,VILLANUEVA,R-202503-0336,"FEB. 1, 1954","HOUSE #776 STREET 6, SAN PABLO, ALICIA, ISABELA, 5852",NO,,FEMALE,MARRIED,,,RETIRED,"SENIOR CITIZEN, PWD",,QR-R-3B87A289EB
MARIA,RIVERA,MIRANDA,R-202503-0337,"FEB. 2, 1957","HOUSE #776 STREET 6, SAN PABLO, ALICIA, ISABELA, 5852",NO,,FEMALE,MARRIED,,,RETIRED,"SENIOR CITIZEN",,QR-R-0F3824AD23
MARIA,,SANTOS,R-202503-0338,"MAR. 21, 2007","HOUSE #776 STREET 6, SAN PABLO, ALICIA, ISABELA, 5852",NO,,FEMALE,SINGLE,,,STUDENT,,,QR-R-8CF0F3D5D1
RAFAEL,,MIRANDA,R-202503-0339,"MAY. 15, 2009","HOUSE #776 STREET 6, SAN PABLO, ALICIA, ISABELA, 5852",NO,,MALE,SINGLE,,,STUDENT,,202CBED857B6,QR-R-2C74B78534
JOSEFINA,,MARQUEZ,R-202503-0340,"AUG. 28, 1994","HOUSE #221 STREET 48, BAGNOS, ALICIA, ISABELA, 4510",NO,,MALE,SINGLE,,,FACTORY_WORKER,,,QR-R-5CA5C1AB85
ROSA,,VALDEZ,R-202503-0341,"OCT. 12, 1988","HOUSE #221 STREET 48, BAGNOS, ALICIA, ISABELA, 4510",NO,,MALE,MARRIED,,,FACTORY_WORKER,,,QR-R-DAE2DAFED3
JOSEFINA,,CRUZ,R-202503-0342,"MAY. 3, 1964","HOUSE #221 STREET 48, BAGNOS, ALICIA, ISABELA, 4510",NO,,FEMALE,MARRIED,,,UNEMPLOYED,"SENIOR CITIZEN, PWD",,QR-R-481781347B
ANA,GARCIA,CASTRO,R-202503-0343,"FEB. 26, 1989","HOUSE #310 STREET 34, CALLAO, ALICIA, ISABELA, 8273",NO,,FEMALE,SINGLE,,,GOVERNMENT_EMPLOYEE,,67D733B5C37D,QR-R-0A3FBDEAB1
TERESA,LOPEZ,VALDEZ,R-202503-0344,"AUG. 20, 2010","HOUSE #310 STREET 34, CALLAO, ALICIA, ISABELA, 8273",NO,,MALE,SINGLE,,,STUDENT,,,QR-R-7010215AF3
RAFAEL,FLORES,GONZALES,R-202503-0345,"APR. 30, 1962","HOUSE #310 STREET 34, CALLAO, ALICIA, ISABELA, 8273",NO,,MALE,SINGLE,,,RETIRED,"SENIOR CITIZEN",,QR-R-D02150A3A6
TERESA,,RIVERA,R-202503-0346,"AUG. 30, 2004","HOUSE #310 STREET 34, CALLAO, ALICIA, ISABELA, 8273",NO,,FEMALE,SINGLE,,,STUDENT,PWD,,QR-R-A329E58B26
MIGUEL,,SALAZAR,R-202503-0347,"MAR. 17, 1969","HOUSE #388 STREET 50, BANTUG-PETINES, ALICIA, ISABELA, 1527",NO,,FEMALE,MARRIED,,,TEACHER,PWD,,QR-R-5F064313FF
ANA,LOPEZ,MIRANDA,R-202503-0348,"FEB. 5, 1992","HOUSE #388 STREET 50, BANTUG-PETINES, ALICIA, ISABELA, 1527",NO,,MALE,SINGLE,,,FACTORY_WORKER,,,QR-R-487864FD03
JOSEFINA,,GONZALES,R-202503-0349,"APR. 25, 1994","HOUSE #759 STREET 20, VICTORIA, ALICIA, ISABELA, 4994",NO,,FEMALE,SINGLE,,,FARMER,,,QR-R-0239D2B56A
MARIA,GARCIA,HERNANDEZ,R-202503-0350,"AUG. 14, 1971","HOUSE #759 STREET 20, VICTORIA, ALICIA, ISABELA, 4994",NO,,FEMALE,MARRIED,,,BUSINESS_OWNER,,,QR-R-E23C42B104
JUAN,NAVARRO,PADILLA,R-202503-0351,"APR. 7, 1972","HOUSE #759 STREET 20, VICTORIA, ALICIA, ISABELA, 4994",NO,,MALE,MARRIED,,,FACTORY_WORKER,,,QR-R-A3403AC097
JUAN,CRUZ,DOMINGO,R-202503-0352,"AUG. 10, 2007","HOUSE #759 STREET 20, VICTORIA, ALICIA, ISABELA, 4994",NO,,FEMALE,SINGLE,,,STUDENT,PWD,,QR-R-EB9CC80B2F
JOSE,CRUZ,GUTIERREZ,R-202503-0353,"FEB. 23, 2013","HOUSE #235 STREET 13, BURGOS, ALICIA, ISABELA, 1935",NO,,FEMALE,SINGLE,,,STUDENT,,,QR-R-5F46575895
ANTONIO,TORRES,ROMERO,R-202503-0354,"FEB. 20, 1961","HOUSE #235 STREET 13, BURGOS, ALICIA, ISABELA, 1935",NO,,FEMALE,SINGLE,,,RETIRED,"SENIOR CITIZEN, PWD",,QR-R-CD697F27BA
LOURDES,SANTOS,SANTIAGO,R-202503-0355,"FEB. 2, 1970","HOUSE #235 STREET 13, BURGOS, ALICIA, ISABELA, 1935",NO,,MALE,MARRIED,,,LABORER,,,QR-R-D48240F90D
JOSE,GARCIA,"DEL ROSARIO",R-202503-0356,"DEC. 26, 2005","HOUSE #223 STREET 21, DAGUPAN, ALICIA, ISABELA, 2177",NO,,FEMALE,MARRIED,,,LABORER,,,QR-R-3F33E3BAEA
ANTONIO,,LOPEZ,R-202503-0357,"FEB. 17, 1988","HOUSE #223 STREET 21, DAGUPAN, ALICIA, ISABELA, 2177",NO,,MALE,MARRIED,,,FACTORY_WORKER,,,QR-R-FB98CA0455
ANA,TORRES,FLORES,R-202503-0358,"SEP. 29, 1939","HOUSE #223 STREET 21, DAGUPAN, ALICIA, ISABELA, 2177",NO,,FEMALE,WIDOWED,,,RETIRED,"SENIOR CITIZEN, PWD",,QR-R-F37F94C395
RAFAEL,CRUZ,VILLANUEVA,R-202503-0359,"MAR. 5, 1955","HOUSE #331 STREET 11, SANTO TOMAS, ALICIA, ISABELA, 2450",NO,,MALE,SINGLE,,,RETIRED,"SENIOR CITIZEN",,QR-R-13C0592604
ELENA,DIAZ,RAMOS,R-202503-0360,"JUL. 6, 1959","HOUSE #331 STREET 11, SANTO TOMAS, ALICIA, ISABELA, 2450",NO,,MALE,SINGLE,,,RETIRED,"SENIOR CITIZEN",,QR-R-2BB18ED4A5
JOSE,,PEREZ,R-202503-0361,"JUL. 11, 1987","HOUSE #435 STREET 3, SAN ANTONIO (POB.), ALICIA, ISABELA, 1717",NO,,MALE,MARRIED,,,VENDOR,,,QR-R-94DEA86087
MARIA,,"DE GUZMAN",R-202503-0362,"NOV. 25, 1934","HOUSE #435 STREET 3, SAN ANTONIO (POB.), ALICIA, ISABELA, 1717",NO,,FEMALE,MARRIED,,,RETIRED,"SENIOR CITIZEN",10ECCC9B1B43,QR-R-64EF865007
ANTONIO,,MIRANDA,R-202503-0363,"NOV. 7, 1998","HOUSE #435 STREET 3, SAN ANTONIO (POB.), ALICIA, ISABELA, 1717",NO,,MALE,WIDOWED,,,PRIVATE_EMPLOYEE,,D70923DD8F54,QR-R-AA5A1C3A0B
TERESA,SALAZAR,ROMERO,R-202503-0364,"OCT. 6, 2017","HOUSE #435 STREET 3, SAN ANTONIO (POB.), ALICIA, ISABELA, 1717",NO,,FEMALE,SINGLE,,,STUDENT,,,QR-R-ECC24881B2
PEDRO,,FERNANDEZ,R-202503-0365,"FEB. 3, 1983","HOUSE #2 STREET 13, MATAAS NA KAHOY, ALICIA, ISABELA, 8337",NO,,MALE,WIDOWED,,,FACTORY_WORKER,,,QR-R-2D833F3EB5
CARMEN,,BAUTISTA,R-202503-0366,"MAR. 14, 1992","HOUSE #2 STREET 13, MATAAS NA KAHOY, ALICIA, ISABELA, 8337",NO,,MALE,MARRIED,,,VENDOR,,3D519232F7CA,QR-R-81D9A5ACA2
JOSEFINA,,BAUTISTA,R-202503-0367,"MAY. 31, 1970","HOUSE #2 STREET 13, MATAAS NA KAHOY, ALICIA, ISABELA, 8337",NO,,FEMALE,MARRIED,,,VENDOR,,,QR-R-4A9E13DE7A
TERESA,REYES,ESPIRITU,R-202503-0368,"JUL. 20, 1970","HOUSE #2 STREET 13, MATAAS NA KAHOY, ALICIA, ISABELA, 8337",NO,,MALE,MARRIED,,,FARMER,,,QR-R-2E3BE4E8A5
ROSA,FLORES,VILLANUEVA,R-202503-0369,"FEB. 21, 2002","HOUSE #2 STREET 13, MATAAS NA KAHOY, ALICIA, ISABELA, 8337",NO,,FEMALE,SINGLE,,,LABORER,,,QR-R-0EF0E4B349
RAFAEL,SANTOS,MENDOZA,R-202503-0370,"OCT. 29, 2011","HOUSE #2 STREET 13, MATAAS NA KAHOY, ALICIA, ISABELA, 8337",NO,,FEMALE,SINGLE,,,STUDENT,,,QR-R-679063E2FF
MANUEL,NAVARRO,RAMOS,R-202503-0371,"DEC. 23, 2003","HOUSE #886 STREET 50, PADDAD, ALICIA, ISABELA, 9734",NO,,FEMALE,MARRIED,,,FACTORY_WORKER,,5F91AE792EA0,QR-R-4E15C105A6
TERESA,TORRES,PASCUAL,R-202503-0372,"DEC. 30, 1968","HOUSE #886 STREET 50, PADDAD, ALICIA, ISABELA, 9734",NO,,FEMALE,WIDOWED,,,FARMER,,,QR-R-F4522C1834
JUAN,,VILLEGAS,R-202503-0373,"FEB. 23, 1974","HOUSE #886 STREET 50, PADDAD, ALICIA, ISABELA, 9734",NO,,MALE,SINGLE,,,VENDOR,,,QR-R-8C9DA8E9F2
ANTONIO,RIVERA,MARQUEZ,R-202503-0374,"JUL. 19, 1987","HOUSE #370 STREET 6, BURGOS, ALICIA, ISABELA, 8182",NO,,MALE,MARRIED,,,UNEMPLOYED,,,QR-R-AA0EC56778
FRANCISCO,,VALDEZ,R-202503-0375,"NOV. 4, 1967","HOUSE #370 STREET 6, BURGOS, ALICIA, ISABELA, 8182",NO,,MALE,MARRIED,,,GOVERNMENT_EMPLOYEE,,,QR-R-097FC10FB1
ROSA,REYES,RIVERA,R-202503-0376,"JUL. 16, 1996","HOUSE #370 STREET 6, BURGOS, ALICIA, ISABELA, 8182",NO,,MALE,MARRIED,,,FARMER,,,QR-R-C8C6FC7181
MIGUEL,CRUZ,ROMERO,R-202503-0377,"AUG. 12, 1993","HOUSE #370 STREET 6, BURGOS, ALICIA, ISABELA, 8182",NO,,FEMALE,SINGLE,,,PRIVATE_EMPLOYEE,,,QR-R-B86E8648EA
ROSA,,GONZALES,R-202503-0378,"JAN. 24, 1985","HOUSE #947 STREET 38, PADDAD, ALICIA, ISABELA, 4360",NO,,MALE,MARRIED,,,VENDOR,PWD,,QR-R-FBC75136F9
LOURDES,GONZALES,NAVARRO,R-202503-0379,"AUG. 16, 1997","HOUSE #947 STREET 38, PADDAD, ALICIA, ISABELA, 4360",NO,,MALE,SINGLE,,,BUSINESS_OWNER,,C99F57C08DB0,QR-R-05A3C41124
CARLOS,CASTRO,REYES,R-202503-0380,"FEB. 1, 1936","HOUSE #258 STREET 23, AMISTAD, ALICIA, ISABELA, 2830",NO,,MALE,MARRIED,,,RETIRED,"SENIOR CITIZEN",,QR-R-C251AEB300
JOSEFINA,LOPEZ,PEREZ,R-202503-0381,"DEC. 18, 2023","HOUSE #258 STREET 23, AMISTAD, ALICIA, ISABELA, 2830",NO,,MALE,SINGLE,,,STUDENT,,,QR-R-E3A3E0DDFC
MARIA,,ROBLES,R-202503-0382,"MAY. 14, 1984","HOUSE #258 STREET 23, AMISTAD, ALICIA, ISABELA, 2830",NO,,MALE,MARRIED,,,BUSINESS_OWNER,,,QR-R-4785E579A4
MARIA,GARCIA,DIAZ,R-202503-0383,"MAR. 11, 1951","HOUSE #258 STREET 23, AMISTAD, ALICIA, ISABELA, 2830",NO,,FEMALE,MARRIED,,,RETIRED,"SENIOR CITIZEN, PWD",,QR-R-CAE91DC87D
JUAN,REYES,ROBLES,R-202503-0384,"APR. 25, 2002","HOUSE #258 STREET 23, AMISTAD, ALICIA, ISABELA, 2830",NO,,FEMALE,SINGLE,,,FACTORY_WORKER,,,QR-R-A152581CBD
FRANCISCO,AQUINO,VILLEGAS,R-202503-0385,"SEP. 15, 1944","HOUSE #258 STREET 23, AMISTAD, ALICIA, ISABELA, 2830",NO,,FEMALE,MARRIED,,,UNEMPLOYED,"SENIOR CITIZEN",,QR-R-FF219929CB
ANTONIO,"DE LA CRUZ",TORRES,R-202503-0386,"AUG. 5, 1965","HOUSE #485 STREET 21, M.H. DEL PILAR, ALICIA, ISABELA, 3519",NO,,MALE,SINGLE,,,FARMER,,,QR-R-B5ECFFC231
PEDRO,FLORES,RODRIGUEZ,R-202503-0387,"OCT. 31, 2016","HOUSE #485 STREET 21, M.H. DEL PILAR, ALICIA, ISABELA, 3519",NO,,MALE,SINGLE,,,STUDENT,PWD,,QR-R-4FED6F39E0
LOURDES,,CASTRO,R-202503-0388,"NOV. 14, 1954","HOUSE #485 STREET 21, M.H. DEL PILAR, ALICIA, ISABELA, 3519",NO,,MALE,WIDOWED,,,RETIRED,"SENIOR CITIZEN",0E44BC57C7A5,QR-R-B6A7B0EC45
LUIS,CRUZ,VILLEGAS,R-202503-0389,"NOV. 15, 1966","HOUSE #485 STREET 21, M.H. DEL PILAR, ALICIA, ISABELA, 3519",NO,,MALE,MARRIED,,,FACTORY_WORKER,,,QR-R-40D53A6AD5
ELENA,RIVERA,NAVARRO,R-202503-0390,"NOV. 25, 2010","HOUSE #485 STREET 21, M.H. DEL PILAR, ALICIA, ISABELA, 3519",NO,,MALE,SINGLE,,,STUDENT,,,QR-R-E1722F4711
MIGUEL,,NAVARRO,R-202503-0391,"AUG. 22, 2008","HOUSE #485 STREET 21, M.H. DEL PILAR, ALICIA, ISABELA, 3519",NO,,MALE,SINGLE,,,STUDENT,,1EAB8958C789,QR-R-A453F6A6A8
CARLOS,GONZALES,BAUTISTA,R-202503-0392,"SEP. 15, 1976","HOUSE #368 STREET 5, AURORA, ALICIA, ISABELA, 4668",NO,,FEMALE,SEPARATED,,,VENDOR,,,QR-R-71FDB71E28
ANTONIO,,ROMERO,R-202503-0393,"OCT. 8, 1973","HOUSE #368 STREET 5, AURORA, ALICIA, ISABELA, 4668",NO,,MALE,WIDOWED,,,FACTORY_WORKER,,,QR-R-4DD3E42F08
PEDRO,PEREZ,MIRANDA,R-202503-0394,"OCT. 7, 1990","HOUSE #368 STREET 5, AURORA, ALICIA, ISABELA, 4668",NO,,FEMALE,MARRIED,,,VENDOR,,,QR-R-E29C6401C7
MARIA,RAMOS,DOMINGO,R-202503-0395,"MAY. 24, 1977","HOUSE #368 STREET 5, AURORA, ALICIA, ISABELA, 4668",NO,,FEMALE,MARRIED,,,VENDOR,,,QR-R-DBC98B7C8E
ELENA,,ESPIRITU,R-202503-0396,"OCT. 14, 1941","HOUSE #368 STREET 5, AURORA, ALICIA, ISABELA, 4668",NO,,FEMALE,MARRIED,,,RETIRED,"SENIOR CITIZEN, PWD",,QR-R-0141E866BC
MANUEL,,VILLEGAS,R-202503-0397,"NOV. 25, 2023","HOUSE #823 STREET 31, CALAOCAN (POB.), ALICIA, ISABELA, 2093",NO,,MALE,SINGLE,,,STUDENT,,,QR-R-9FC3333F19
RAFAEL,,"DELA PEñA",R-202503-0398,"JAN. 11, 1992","HOUSE #823 STREET 31, CALAOCAN (POB.), ALICIA, ISABELA, 2093",NO,,MALE,SINGLE,,,FACTORY_WORKER,,1ED60A361254,QR-R-6B130C24A0
FRANCISCO,SALAZAR,NAVARRO,R-202503-0399,"JUN. 5, 2020","HOUSE #823 STREET 31, CALAOCAN (POB.), ALICIA, ISABELA, 2093",NO,,FEMALE,SINGLE,,,STUDENT,,,QR-R-F45A120B80
PEDRO,,RAMOS,R-202503-0400,"SEP. 15, 2014","HOUSE #214 STREET 1, ANTONINO (POB.), ALICIA, ISABELA, 1162",NO,,MALE,SINGLE,,,STUDENT,,,QR-R-2F0923D2D6
ANTONIO,GONZALES,FERNANDEZ,R-202503-0401,"MAY. 27, 1989","HOUSE #214 STREET 1, ANTONINO (POB.), ALICIA, ISABELA, 1162",NO,,FEMALE,SINGLE,,,LABORER,,7B73F0E26432,QR-R-9F60A3894B
LUIS,DOMINGO,"DEL ROSARIO",R-202503-0402,"APR. 30, 1979","HOUSE #214 STREET 1, ANTONINO (POB.), ALICIA, ISABELA, 1162",NO,,FEMALE,MARRIED,,,BUSINESS_OWNER,,,QR-R-069934CC96
TERESA,"DE LA CRUZ",FLORES,R-202503-0403,"NOV. 9, 1986","HOUSE #214 STREET 1, ANTONINO (POB.), ALICIA, ISABELA, 1162",NO,,MALE,MARRIED,,,DRIVER,,,QR-R-EF256E4F0F
LUIS,SALAZAR,NAVARRO,R-202503-0404,"JAN. 26, 2011","HOUSE #214 STREET 1, ANTONINO (POB.), ALICIA, ISABELA, 1162",NO,,FEMALE,SINGLE,,,STUDENT,,DA22C2FFECAB,QR-R-2C48D607BF
JOSEFINA,,ESPIRITU,R-202503-0405,"SEP. 15, 2000","HOUSE #71 STREET 2, INANAMA, ALICIA, ISABELA, 8440",NO,,MALE,SINGLE,,,DRIVER,,,QR-R-45833AD9A0
CARLOS,PEREZ,HERNANDEZ,R-202503-0406,"OCT. 15, 1991","HOUSE #71 STREET 2, INANAMA, ALICIA, ISABELA, 8440",NO,,FEMALE,MARRIED,,,LABORER,,188821BDDC8A,QR-R-A3E59ED230
FRANCISCO,TORRES,RIVERA,R-202503-0407,"JUL. 20, 2014","HOUSE #71 STREET 2, INANAMA, ALICIA, ISABELA, 8440",NO,,FEMALE,SINGLE,,,STUDENT,,,QR-R-CFFDF174AB
LOURDES,,CRUZ,R-202503-0408,"JUN. 13, 1978","HOUSE #71 STREET 2, INANAMA, ALICIA, ISABELA, 8440",NO,,MALE,MARRIED,,,FACTORY_WORKER,,DFDB412C5915,QR-R-EE528E986D
ELENA,FLORES,PEREZ,R-202503-0409,"JUL. 17, 2007","HOUSE #646 STREET 10, SAN JUAN, ALICIA, ISABELA, 1516",NO,,MALE,SINGLE,,,STUDENT,,,QR-R-2BFD5CCFC8
LOURDES,SALAZAR,PEREZ,R-202503-0410,"NOV. 5, 1965","HOUSE #646 STREET 10, SAN JUAN, ALICIA, ISABELA, 1516",NO,,MALE,SEPARATED,,,FARMER,,,QR-R-90E84757D7
JOSEFINA,,VILLEGAS,R-202503-0411,"AUG. 1, 2009","HOUSE #646 STREET 10, SAN JUAN, ALICIA, ISABELA, 1516",NO,,MALE,SINGLE,,,STUDENT,,,QR-R-27BB5927A1
JOSEFINA,,MARQUEZ,R-202503-0412,"FEB. 25, 1957","HOUSE #646 STREET 10, SAN JUAN, ALICIA, ISABELA, 1516",NO,,FEMALE,WIDOWED,,,RETIRED,"SENIOR CITIZEN",C6639E039F4A,QR-R-B0052F1648
CARMEN,,ROBLES,R-202503-0413,"AUG. 31, 1978","HOUSE #492 STREET 3, SAN ANTONIO (POB.), ALICIA, ISABELA, 4721",NO,,MALE,MARRIED,,,LABORER,,,QR-R-BF31D4891B
PEDRO,GONZALES,"DEL ROSARIO",R-202503-0414,"MAR. 14, 2009","HOUSE #492 STREET 3, SAN ANTONIO (POB.), ALICIA, ISABELA, 4721",NO,,MALE,SINGLE,,,STUDENT,,,QR-R-B211EA7D22
MARIA,GARCIA,"DE LA CRUZ",R-202503-0415,"NOV. 16, 2009","HOUSE #492 STREET 3, SAN ANTONIO (POB.), ALICIA, ISABELA, 4721",NO,,MALE,SINGLE,,,STUDENT,,,QR-R-D7AA66B8F2
MIGUEL,,REYES,R-202503-0416,"FEB. 4, 1970","HOUSE #492 STREET 3, SAN ANTONIO (POB.), ALICIA, ISABELA, 4721",NO,,FEMALE,SINGLE,,,TEACHER,,,QR-R-81E0A8BA4B
ROSA,PEREZ,FLORES,R-202503-0417,"NOV. 21, 2009","HOUSE #111 STREET 25, AMISTAD, ALICIA, ISABELA, 8051",NO,,FEMALE,SINGLE,,,STUDENT,,D531F0D4AD6B,QR-R-AB8D0F7447
LUIS,,PADILLA,R-202503-0418,"MAR. 13, 1972","HOUSE #111 STREET 25, AMISTAD, ALICIA, ISABELA, 8051",NO,,FEMALE,WIDOWED,,,LABORER,,,QR-R-1665F686FB
JOSE,TORRES,REYES,R-202503-0419,"JAN. 3, 1942","HOUSE #61 STREET 34, APANAY, ALICIA, ISABELA, 7104",NO,,FEMALE,MARRIED,,,RETIRED,"SENIOR CITIZEN, PWD",,QR-R-8EFC81B7C5
LOURDES,,DOMINGO,R-202503-0420,"FEB. 7, 2017","HOUSE #61 STREET 34, APANAY, ALICIA, ISABELA, 7104",NO,,MALE,SINGLE,,,STUDENT,,,QR-R-2536F8412D
CARMEN,TORRES,ROBLES,R-202503-0421,"JUN. 7, 1996","HOUSE #61 STREET 34, APANAY, ALICIA, ISABELA, 7104",NO,,MALE,MARRIED,,,FARMER,PWD,585100CD7B5B,QR-R-4BC95445C8
JOSE,RIVERA,RODRIGUEZ,R-202503-0422,"DEC. 24, 2008","HOUSE #61 STREET 34, APANAY, ALICIA, ISABELA, 7104",NO,,FEMALE,SINGLE,,,VENDOR,,,QR-R-D9BB8FD0E2
FRANCISCO,REYES,FLORES,R-202503-0423,"MAY. 17, 1997","HOUSE #61 STREET 34, APANAY, ALICIA, ISABELA, 7104",NO,,MALE,MARRIED,,,BUSINESS_OWNER,,,QR-R-15DEB7A196
RAFAEL,CASTRO,REYES,R-202503-0424,"JUN. 16, 2022","HOUSE #60 STREET 20, CALAOCAN (POB.), ALICIA, ISABELA, 4063",NO,,FEMALE,SINGLE,,,STUDENT,,,QR-R-1BF5BD7CAB
ANA,SALAZAR,REYES,R-202503-0425,"SEP. 15, 1986","HOUSE #60 STREET 20, CALAOCAN (POB.), ALICIA, ISABELA, 4063",NO,,MALE,SINGLE,,,FARMER,,,QR-R-8804B95C48
LUIS,FLORES,SALAZAR,R-202503-0426,"NOV. 1, 2018","HOUSE #60 STREET 20, CALAOCAN (POB.), ALICIA, ISABELA, 4063",NO,,FEMALE,SINGLE,,,STUDENT,,,QR-R-34DEA8B389
MANUEL,LOPEZ,MENDOZA,R-202503-0427,"APR. 30, 2005","HOUSE #751 STREET 38, BURGOS, ALICIA, ISABELA, 2686",NO,,MALE,SINGLE,,,VENDOR,PWD,,QR-R-44EF3A384E
SOFIA,DIAZ,AQUINO,R-202503-0428,"DEC. 25, 2007","HOUSE #751 STREET 38, BURGOS, ALICIA, ISABELA, 2686",NO,,FEMALE,SINGLE,,,VENDOR,,D6C453F01D07,QR-R-F012B88F53
ANTONIO,CRUZ,GUTIERREZ,R-202503-0429,"APR. 28, 2014","HOUSE #751 STREET 38, BURGOS, ALICIA, ISABELA, 2686",NO,,FEMALE,SINGLE,,,STUDENT,,,QR-R-E5643A8B34
MARIA,DOMINGO,PADILLA,R-202503-0430,"APR. 10, 1995","HOUSE #760 STREET 47, M.H. DEL PILAR, ALICIA, ISABELA, 9357",NO,,MALE,MARRIED,,,FACTORY_WORKER,,,QR-R-A4FA1F221F
ROSA,,MORALES,R-202503-0431,"MAR. 31, 2012","HOUSE #760 STREET 47, M.H. DEL PILAR, ALICIA, ISABELA, 9357",NO,,FEMALE,SINGLE,,,STUDENT,,,QR-R-D9F9249EA5
LOURDES,DIAZ,PADILLA,R-202503-0432,"MAY. 12, 1960","HOUSE #760 STREET 47, M.H. DEL PILAR, ALICIA, ISABELA, 9357",NO,,FEMALE,MARRIED,,,RETIRED,"SENIOR CITIZEN",,QR-R-804A2CD3CD
CARMEN,MENDOZA,AQUINO,R-202503-0433,"JAN. 18, 1979","HOUSE #760 STREET 47, M.H. DEL PILAR, ALICIA, ISABELA, 9357",NO,,MALE,MARRIED,,,LABORER,,,QR-R-964792B557
CARMEN,LOPEZ,PADILLA,R-202503-0434,"MAR. 6, 1995","HOUSE #760 STREET 47, M.H. DEL PILAR, ALICIA, ISABELA, 9357",NO,,FEMALE,SINGLE,,,FACTORY_WORKER,,F3F64F38EFA2,QR-R-A0DCFB6C91
LOURDES,RODRIGUEZ,MORALES,R-202503-0435,"SEP. 4, 2014","HOUSE #760 STREET 47, M.H. DEL PILAR, ALICIA, ISABELA, 9357",NO,,FEMALE,SINGLE,,,STUDENT,,,QR-R-8E5AC3F5C7
ELENA,SALAZAR,RAMOS,R-202503-0436,"MAY. 8, 2006","HOUSE #985 STREET 35, INANAMA, ALICIA, ISABELA, 3028",NO,,MALE,SINGLE,,,LABORER,,,QR-R-4B3CE1BA65
PEDRO,MENDOZA,VALDEZ,R-202503-0437,"MAR. 20, 1934","HOUSE #985 STREET 35, INANAMA, ALICIA, ISABELA, 3028",NO,,MALE,SEPARATED,,,FARMER,"SENIOR CITIZEN, PWD",5D99DF1D11F3,QR-R-6B82A40566
ANA,,DIAZ,R-202503-0438,"MAY. 2, 1958","HOUSE #985 STREET 35, INANAMA, ALICIA, ISABELA, 3028",NO,,FEMALE,MARRIED,,,RETIRED,"SENIOR CITIZEN",6857019285A9,QR-R-6E6CE18263
JOSE,MENDOZA,DIAZ,R-202503-0439,"DEC. 17, 2010","HOUSE #985 STREET 35, INANAMA, ALICIA, ISABELA, 3028",NO,,FEMALE,SINGLE,,,STUDENT,,,QR-R-596DF2BD00
LOURDES,SANTOS,SALAZAR,R-202503-0440,"MAR. 1, 1989","HOUSE #985 STREET 35, INANAMA, ALICIA, ISABELA, 3028",NO,,FEMALE,MARRIED,,,FARMER,,,QR-R-81CDB63E8A
MARIA,"DE LA CRUZ","DE GUZMAN",R-202503-0441,"FEB. 7, 1967","HOUSE #985 STREET 35, INANAMA, ALICIA, ISABELA, 3028",NO,,MALE,MARRIED,,,GOVERNMENT_EMPLOYEE,,,QR-R-1465FED2EB
MARIA,CRUZ,ESPIRITU,R-202503-0442,"AUG. 24, 1980","HOUSE #119 STREET 39, PADDAD, ALICIA, ISABELA, 5605",NO,,FEMALE,SINGLE,,,FACTORY_WORKER,,,QR-R-1959AC83BE
MANUEL,NAVARRO,TORRES,R-202503-0443,"JAN. 14, 2010","HOUSE #119 STREET 39, PADDAD, ALICIA, ISABELA, 5605",NO,,FEMALE,SINGLE,,,STUDENT,,95ABA4D72D48,QR-R-2DC9B78323
MIGUEL,,MORALES,R-202503-0444,"DEC. 5, 2016","HOUSE #119 STREET 39, PADDAD, ALICIA, ISABELA, 5605",NO,,FEMALE,SINGLE,,,STUDENT,,E61620C6FC5B,QR-R-CBEB10E793
FRANCISCO,,RAMOS,R-202503-0445,"DEC. 18, 2003","HOUSE #119 STREET 39, PADDAD, ALICIA, ISABELA, 5605",NO,,FEMALE,SINGLE,,,VENDOR,,,QR-R-A57D3D7A8A
TERESA,CRUZ,TORRES,R-202503-0446,"FEB. 4, 2024","HOUSE #119 STREET 39, PADDAD, ALICIA, ISABELA, 5605",NO,,MALE,SINGLE,,,STUDENT,,,QR-R-7D09220FA6
CARLOS,,TORRES,R-202503-0447,"NOV. 4, 1966","HOUSE #119 STREET 39, PADDAD, ALICIA, ISABELA, 5605",NO,,FEMALE,SINGLE,,,LABORER,PWD,,QR-R-0EEF51F43B
MARIA,,VILLEGAS,R-202503-0448,"FEB. 19, 2015","HOUSE #443 STREET 36, RIZALUNA, ALICIA, ISABELA, 3939",NO,,MALE,SINGLE,,,STUDENT,,,QR-R-D67C8905DA
JOSEFINA,SANTOS,"DE GUZMAN",R-202503-0449,"MAR. 26, 1989","HOUSE #443 STREET 36, RIZALUNA, ALICIA, ISABELA, 3939",NO,,FEMALE,MARRIED,,,FACTORY_WORKER,PWD,,QR-R-829B6E7575
FRANCISCO,DOMINGO,RAMOS,R-202503-0450,"JUN. 5, 1993","HOUSE #443 STREET 36, RIZALUNA, ALICIA, ISABELA, 3939",NO,,MALE,MARRIED,,,PRIVATE_EMPLOYEE,,,QR-R-015402F154
CARLOS,,LOPEZ,R-202503-0451,"AUG. 25, 1962","HOUSE #496 STREET 44, LINGLINGAY, ALICIA, ISABELA, 6979",NO,,FEMALE,WIDOWED,,,FARMER,"SENIOR CITIZEN",,QR-R-192FB03116
CARLOS,,VILLEGAS,R-202503-0452,"MAY. 7, 1953","HOUSE #496 STREET 44, LINGLINGAY, ALICIA, ISABELA, 6979",NO,,FEMALE,MARRIED,,,VENDOR,"SENIOR CITIZEN, PWD",,QR-R-4A2AB32B26
ELENA,,HERNANDEZ,R-202503-0453,"DEC. 9, 2013","HOUSE #496 STREET 44, LINGLINGAY, ALICIA, ISABELA, 6979",NO,,FEMALE,SINGLE,,,STUDENT,,,QR-R-2C9A38F318
SOFIA,MENDOZA,DIAZ,R-202503-0454,"MAR. 25, 1996","HOUSE #496 STREET 44, LINGLINGAY, ALICIA, ISABELA, 6979",NO,,MALE,SINGLE,,,UNEMPLOYED,PWD,,QR-R-16B6BF5EBC
LUISA,SANTOS,PEREZ,R-202503-0455,"DEC. 5, 1998","HOUSE #496 STREET 44, LINGLINGAY, ALICIA, ISABELA, 6979",NO,,MALE,MARRIED,,,VENDOR,,,QR-R-6BB1A968B1
PEDRO,GONZALES,ROMERO,R-202503-0456,"FEB. 5, 2012","HOUSE #496 STREET 44, LINGLINGAY, ALICIA, ISABELA, 6979",NO,,MALE,SINGLE,,,STUDENT,,,QR-R-2D49A01A0B
MIGUEL,,DOMINGO,R-202503-0457,"DEC. 16, 2000","HOUSE #577 STREET 30, BAGONG SIKAT, ALICIA, ISABELA, 7199",NO,,MALE,MARRIED,,,LABORER,PWD,,QR-R-0F1A48C33D
LUISA,TORRES,MENDOZA,R-202503-0458,"JUL. 21, 1983","HOUSE #577 STREET 30, BAGONG SIKAT, ALICIA, ISABELA, 7199",NO,,MALE,MARRIED,,,PRIVATE_EMPLOYEE,,,QR-R-F062D7846F
ANA,,GONZALES,R-202503-0459,"JUL. 24, 1994","HOUSE #577 STREET 30, BAGONG SIKAT, ALICIA, ISABELA, 7199",NO,,FEMALE,SINGLE,,,TEACHER,,,QR-R-F79CE5AEA6
CARLOS,SALAZAR,"DEL ROSARIO",R-202503-0460,"OCT. 25, 1941","HOUSE #577 STREET 30, BAGONG SIKAT, ALICIA, ISABELA, 7199",NO,,FEMALE,MARRIED,,,RETIRED,"SENIOR CITIZEN",,QR-R-28B875DF84
FRANCISCO,SALAZAR,HERNANDEZ,R-202503-0461,"APR. 30, 2000","HOUSE #577 STREET 30, BAGONG SIKAT, ALICIA, ISABELA, 7199",NO,,MALE,MARRIED,,,FACTORY_WORKER,,,QR-R-FD953E796F
JUAN,DOMINGO,MENDOZA,R-202503-0462,"OCT. 8, 2018","HOUSE #625 STREET 27, RIZAL, ALICIA, ISABELA, 4696",NO,,MALE,SINGLE,,,STUDENT,PWD,,QR-R-89B2EC6578
PEDRO,RIVERA,"DEL ROSARIO",R-202503-0463,"MAY. 31, 1968","HOUSE #625 STREET 27, RIZAL, ALICIA, ISABELA, 4696",NO,,MALE,MARRIED,,,PRIVATE_EMPLOYEE,,,QR-R-98ED77BC2A
LUISA,MENDOZA,HERNANDEZ,R-202503-0464,"AUG. 7, 1995","HOUSE #625 STREET 27, RIZAL, ALICIA, ISABELA, 4696",NO,,MALE,SINGLE,,,PRIVATE_EMPLOYEE,,,QR-R-A35AC9D97F
SOFIA,DIAZ,"DE LA CRUZ",R-202503-0465,"SEP. 21, 1957","HOUSE #625 STREET 27, RIZAL, ALICIA, ISABELA, 4696",NO,,MALE,WIDOWED,,,RETIRED,"SENIOR CITIZEN",,QR-R-F21503E21A
ROSA,,SANTIAGO,R-202503-0466,"FEB. 8, 1991","HOUSE #625 STREET 27, RIZAL, ALICIA, ISABELA, 4696",NO,,FEMALE,MARRIED,,,VENDOR,,FF4B86F48B9A,QR-R-6FECBCAD7D
ROSA,PEREZ,VILLANUEVA,R-202503-0467,"FEB. 22, 2000","HOUSE #840 STREET 29, M.H. DEL PILAR, ALICIA, ISABELA, 2871",NO,,MALE,MARRIED,,,FACTORY_WORKER,,6B0E48B01757,QR-R-3748A65423
CARLOS,,ROBLES,R-202503-0468,"MAY. 25, 2017","HOUSE #840 STREET 29, M.H. DEL PILAR, ALICIA, ISABELA, 2871",NO,,MALE,SINGLE,,,STUDENT,,,QR-R-438FFC08A6
CARLOS,"DE LA CRUZ",ROBLES,R-202503-0469,"SEP. 8, 1995","HOUSE #840 STREET 29, M.H. DEL PILAR, ALICIA, ISABELA, 2871",NO,,MALE,MARRIED,,,DRIVER,,,QR-R-FA07ACFF64
JUAN,REYES,SANTOS,R-202503-0470,"JUN. 8, 2019","HOUSE #840 STREET 29, M.H. DEL PILAR, ALICIA, ISABELA, 2871",NO,,FEMALE,SINGLE,,,STUDENT,,,QR-R-23C0C8B906
LOURDES,CASTRO,FLORES,R-202503-0471,"DEC. 29, 1988","HOUSE #453 STREET 18, LINGLINGAY, ALICIA, ISABELA, 8534",NO,,MALE,MARRIED,,,FARMER,,3FB8F718AC80,QR-R-E1C6D3898E
ROSA,DIAZ,"DE GUZMAN",R-202503-0472,"APR. 29, 1939","HOUSE #453 STREET 18, LINGLINGAY, ALICIA, ISABELA, 8534",NO,,MALE,SINGLE,,,RETIRED,"SENIOR CITIZEN, PWD",5A7CD98317F7,QR-R-06C80608EA
LUISA,DOMINGO,VILLANUEVA,R-202503-0473,"JUL. 21, 1966","HOUSE #453 STREET 18, LINGLINGAY, ALICIA, ISABELA, 8534",NO,,MALE,SINGLE,,,FARMER,,,QR-R-68ECFF49CF
FRANCISCO,RIVERA,"DELA PEñA",R-202503-0474,"MAY. 13, 1940","HOUSE #453 STREET 18, LINGLINGAY, ALICIA, ISABELA, 8534",NO,,FEMALE,WIDOWED,,,RETIRED,"SENIOR CITIZEN",,QR-R-8E36B06D4F
LUISA,RODRIGUEZ,"DE LA CRUZ",R-202503-0475,"AUG. 21, 2010","HOUSE #453 STREET 18, LINGLINGAY, ALICIA, ISABELA, 8534",NO,,MALE,SINGLE,,,STUDENT,,,QR-R-92CD4F1130
JOSE,,AQUINO,R-202503-0476,"FEB. 6, 1966","HOUSE #453 STREET 18, LINGLINGAY, ALICIA, ISABELA, 8534",NO,,FEMALE,MARRIED,,,FACTORY_WORKER,,,QR-R-23F33D49E3
TERESA,LOPEZ,FERNANDEZ,R-202503-0477,"APR. 14, 1966","HOUSE #784 STREET 16, SAN ANTONIO (POB.), ALICIA, ISABELA, 4429",NO,,MALE,MARRIED,,,VENDOR,PWD,,QR-R-D56E5C0FC1
TERESA,REYES,ESPIRITU,R-202503-0478,"JUL. 26, 1995","HOUSE #784 STREET 16, SAN ANTONIO (POB.), ALICIA, ISABELA, 4429",NO,,FEMALE,MARRIED,,,FACTORY_WORKER,,86EE6890598D,QR-R-D1A8844F66
ELENA,DIAZ,MORALES,R-202503-0479,"SEP. 14, 1985","HOUSE #784 STREET 16, SAN ANTONIO (POB.), ALICIA, ISABELA, 4429",NO,,FEMALE,MARRIED,,,FARMER,,,QR-R-917D4EBED1
ELENA,RAMOS,GARCIA,R-202503-0480,"MAR. 1, 1990","HOUSE #784 STREET 16, SAN ANTONIO (POB.), ALICIA, ISABELA, 4429",NO,,MALE,MARRIED,,,VENDOR,,,QR-R-629339E731
TERESA,CASTRO,HERNANDEZ,R-202503-0481,"SEP. 14, 1991","HOUSE #258 STREET 36, BAGNOS, ALICIA, ISABELA, 6654",NO,,MALE,SINGLE,,,TEACHER,,,QR-R-3147BF1487
ELENA,AQUINO,SANTOS,R-202503-0482,"MAR. 14, 1997","HOUSE #258 STREET 36, BAGNOS, ALICIA, ISABELA, 6654",NO,,MALE,SINGLE,,,FARMER,,,QR-R-E2F11DAD95
LUIS,"DE LA CRUZ","DE GUZMAN",R-202503-0483,"JAN. 13, 1968","HOUSE #258 STREET 36, BAGNOS, ALICIA, ISABELA, 6654",NO,,FEMALE,MARRIED,,,TEACHER,,1BB6B6C63CBA,QR-R-B3D304D9B2
FRANCISCO,MENDOZA,REYES,R-202503-0484,"FEB. 21, 2008","HOUSE #258 STREET 36, BAGNOS, ALICIA, ISABELA, 6654",NO,,MALE,SINGLE,,,STUDENT,,,QR-R-12AE9B1B02
CARLOS,CASTRO,ESPIRITU,R-202503-0485,"DEC. 5, 2008","HOUSE #258 STREET 36, BAGNOS, ALICIA, ISABELA, 6654",NO,,FEMALE,SINGLE,,,STUDENT,,E132286161F3,QR-R-9D8205B41B
ANTONIO,,MORALES,R-202503-0486,"NOV. 6, 1983","HOUSE #374 STREET 46, SAN FRANCISCO, ALICIA, ISABELA, 1801",NO,,MALE,MARRIED,,,VENDOR,,,QR-R-B529E918C6
ROSA,MENDOZA,MARQUEZ,R-202503-0487,"DEC. 6, 1977","HOUSE #374 STREET 46, SAN FRANCISCO, ALICIA, ISABELA, 1801",NO,,FEMALE,MARRIED,,,TEACHER,,,QR-R-B4C69B5CF0
ELENA,TORRES,MORALES,R-202503-0488,"AUG. 14, 1980","HOUSE #374 STREET 46, SAN FRANCISCO, ALICIA, ISABELA, 1801",NO,,MALE,SINGLE,,,FARMER,,,QR-R-216103CD27
JOSEFINA,,CRUZ,R-202503-0489,"JUN. 26, 1987","HOUSE #374 STREET 46, SAN FRANCISCO, ALICIA, ISABELA, 1801",NO,,FEMALE,SINGLE,,,FACTORY_WORKER,,B94F5CEF8316,QR-R-6AD59DFF40
PEDRO,LOPEZ,"DE LA CRUZ",R-202503-0490,"JUL. 17, 1994","HOUSE #374 STREET 46, SAN FRANCISCO, ALICIA, ISABELA, 1801",NO,,FEMALE,MARRIED,,,FARMER,,E99FCC7653E1,QR-R-928E306B08
FRANCISCO,,DIAZ,R-202503-0491,"APR. 28, 2007","HOUSE #347 STREET 29, BONIFACIO, ALICIA, ISABELA, 8549",NO,,MALE,SINGLE,,,STUDENT,,FA85C2AF0BF4,QR-R-52CD3C550D
JOSE,RIVERA,AQUINO,R-202503-0492,"JAN. 16, 2013","HOUSE #347 STREET 29, BONIFACIO, ALICIA, ISABELA, 8549",NO,,MALE,SINGLE,,,STUDENT,,,QR-R-B11D87D3B7
FRANCISCO,GARCIA,PASCUAL,R-202503-0493,"NOV. 28, 1987","HOUSE #347 STREET 29, BONIFACIO, ALICIA, ISABELA, 8549",NO,,FEMALE,SINGLE,,,FARMER,,,QR-R-D8103F5720
ELENA,,VILLANUEVA,R-202503-0494,"SEP. 4, 2021","HOUSE #347 STREET 29, BONIFACIO, ALICIA, ISABELA, 8549",NO,,FEMALE,SINGLE,,,STUDENT,,,QR-R-4FF03F09A3
ELENA,DOMINGO,ROBLES,R-202503-0495,"MAY. 7, 2010","HOUSE #361 STREET 43, SANTA MARIA, ALICIA, ISABELA, 2449",NO,,MALE,SINGLE,,,STUDENT,,,QR-R-AD66C446D6
ANA,AQUINO,PASCUAL,R-202503-0496,"SEP. 1, 1959","HOUSE #361 STREET 43, SANTA MARIA, ALICIA, ISABELA, 2449",NO,,MALE,WIDOWED,,,RETIRED,"SENIOR CITIZEN",,QR-R-B83D3ED040
CARLOS,CRUZ,RIVERA,R-202503-0497,"NOV. 15, 2010","HOUSE #361 STREET 43, SANTA MARIA, ALICIA, ISABELA, 2449",NO,,MALE,SINGLE,,,STUDENT,,1E4F8B96ED8A,QR-R-A08F150C90
ELENA,,MENDOZA,R-202503-0498,"DEC. 21, 1987","HOUSE #361 STREET 43, SANTA MARIA, ALICIA, ISABELA, 2449",NO,,FEMALE,MARRIED,,,BUSINESS_OWNER,,,QR-R-DDCA73440B
LUISA,LOPEZ,HERNANDEZ,R-202503-0499,"JAN. 22, 1953","HOUSE #475 STREET 47, SAN FRANCISCO, ALICIA, ISABELA, 3040",NO,,FEMALE,WIDOWED,,,RETIRED,"SENIOR CITIZEN",,QR-R-9B11EEA37F
ANTONIO,CRUZ,SANTOS,R-202503-0500,"SEP. 11, 1948","HOUSE #475 STREET 47, SAN FRANCISCO, ALICIA, ISABELA, 3040",NO,,FEMALE,MARRIED,,,RETIRED,"SENIOR CITIZEN, PWD",C9B7F25777E4,QR-R-16DD60574E
MANUEL,,ROMERO,R-202503-0501,"MAY. 31, 1974","HOUSE #475 STREET 47, SAN FRANCISCO, ALICIA, ISABELA, 3040",NO,,MALE,SEPARATED,,,PRIVATE_EMPLOYEE,,,QR-R-9E1AF8F387
SOFIA,,MORALES,R-202503-0502,"APR. 18, 2010","HOUSE #475 STREET 47, SAN FRANCISCO, ALICIA, ISABELA, 3040",NO,,FEMALE,SINGLE,,,STUDENT,,78477C329D9C,QR-R-D9D1A920DA
CARMEN,RIVERA,LOPEZ,R-202503-0503,"SEP. 11, 1977","HOUSE #475 STREET 47, SAN FRANCISCO, ALICIA, ISABELA, 3040",NO,,MALE,MARRIED,,,FARMER,PWD,,QR-R-090CE526DA
JOSEFINA,,GARCIA,R-202503-0504,"AUG. 5, 2017","HOUSE #914 STREET 6, ZAMORA, ALICIA, ISABELA, 9768",NO,,FEMALE,SINGLE,,,STUDENT,,,QR-R-28D0599C26
JUAN,SANTOS,MARQUEZ,R-202503-0505,"NOV. 28, 2017","HOUSE #914 STREET 6, ZAMORA, ALICIA, ISABELA, 9768",NO,,FEMALE,SINGLE,,,STUDENT,,83B7726B0343,QR-R-4778DEF2C6
SOFIA,"DE LA CRUZ",CASTRO,R-202503-0506,"JAN. 20, 1971","HOUSE #914 STREET 6, ZAMORA, ALICIA, ISABELA, 9768",NO,,MALE,SINGLE,,,FACTORY_WORKER,,,QR-R-8183427A73
MANUEL,REYES,GONZALES,R-202503-0507,"OCT. 11, 2007","HOUSE #914 STREET 6, ZAMORA, ALICIA, ISABELA, 9768",NO,,FEMALE,SINGLE,,,STUDENT,PWD,0CF0F35A2708,QR-R-E405CD11BA
MANUEL,FLORES,VILLEGAS,R-202503-0508,"JUN. 29, 1994","HOUSE #914 STREET 6, ZAMORA, ALICIA, ISABELA, 9768",NO,,MALE,SEPARATED,,,LABORER,,,QR-R-5AE5D8FCCE
TERESA,,SANTIAGO,R-202503-0509,"OCT. 11, 2008","HOUSE #914 STREET 6, ZAMORA, ALICIA, ISABELA, 9768",NO,,MALE,SINGLE,,,STUDENT,,BE66505E8868,QR-R-C508D009D2
JOSEFINA,AQUINO,GARCIA,R-202503-0510,"NOV. 19, 1971","HOUSE #548 STREET 47, SAN PEDRO, ALICIA, ISABELA, 6412",NO,,FEMALE,MARRIED,,,PRIVATE_EMPLOYEE,,,QR-R-76E7CCBA5C
FRANCISCO,,REYES,R-202503-0511,"MAY. 20, 1991","HOUSE #548 STREET 47, SAN PEDRO, ALICIA, ISABELA, 6412",NO,,FEMALE,MARRIED,,,TEACHER,,C2DB7782F634,QR-R-856BC56CB7
LUISA,,PEREZ,R-202503-0512,"JUL. 20, 1977","HOUSE #548 STREET 47, SAN PEDRO, ALICIA, ISABELA, 6412",NO,,MALE,MARRIED,,,PRIVATE_EMPLOYEE,,,QR-R-E39AB36476
CARLOS,,FERNANDEZ,R-202503-0513,"DEC. 2, 1977","HOUSE #634 STREET 47, APANAY, ALICIA, ISABELA, 7882",NO,,MALE,SEPARATED,,,FARMER,,353BED9BA997,QR-R-903407A5F0
JUAN,LOPEZ,RIVERA,R-202503-0514,"OCT. 14, 1957","HOUSE #634 STREET 47, APANAY, ALICIA, ISABELA, 7882",NO,,MALE,MARRIED,,,UNEMPLOYED,"SENIOR CITIZEN, PWD",,QR-R-14A7288547
ANTONIO,PEREZ,GUTIERREZ,R-202503-0515,"JUL. 24, 2019","HOUSE #601 STREET 48, SANTO TOMAS, ALICIA, ISABELA, 1407",NO,,FEMALE,SINGLE,,,STUDENT,,0A77F758F2DC,QR-R-760A5FCB63
CARLOS,CASTRO,MORALES,R-202503-0516,"AUG. 18, 1955","HOUSE #601 STREET 48, SANTO TOMAS, ALICIA, ISABELA, 1407",NO,,MALE,MARRIED,,,UNEMPLOYED,"SENIOR CITIZEN",,QR-R-D88E482E1B
LOURDES,,VALDEZ,R-202503-0517,"AUG. 13, 2015","HOUSE #601 STREET 48, SANTO TOMAS, ALICIA, ISABELA, 1407",NO,,FEMALE,SINGLE,,,STUDENT,,,QR-R-6EBA674C2A
LUIS,,MARQUEZ,R-202503-0518,"JUL. 7, 2007","HOUSE #601 STREET 48, SANTO TOMAS, ALICIA, ISABELA, 1407",NO,,MALE,SINGLE,,,STUDENT,,,QR-R-1A2E4C484A
CARLOS,MENDOZA,ROMERO,R-202503-0519,"JUN. 26, 1979","HOUSE #601 STREET 48, SANTO TOMAS, ALICIA, ISABELA, 1407",NO,,FEMALE,SINGLE,,,VENDOR,,,QR-R-92FCE565D3
CARLOS,,RIVERA,R-202503-0520,"NOV. 16, 2009","HOUSE #601 STREET 48, SANTO TOMAS, ALICIA, ISABELA, 1407",NO,,FEMALE,SINGLE,,,STUDENT,,956B1A383965,QR-R-00058C13AC
ELENA,,BAUTISTA,R-202503-0521,"JUL. 4, 2010","HOUSE #657 STREET 26, INANAMA, ALICIA, ISABELA, 4884",NO,,MALE,SINGLE,,,STUDENT,,B45E7D57F685,QR-R-5D4C72021C
LUISA,AQUINO,PASCUAL,R-202503-0522,"JUN. 7, 1986","HOUSE #657 STREET 26, INANAMA, ALICIA, ISABELA, 4884",NO,,MALE,MARRIED,,,FACTORY_WORKER,,,QR-R-192DE190C0
LOURDES,GARCIA,SANTIAGO,R-202503-0523,"MAY. 26, 1976","HOUSE #657 STREET 26, INANAMA, ALICIA, ISABELA, 4884",NO,,MALE,MARRIED,,,DRIVER,,A38C57160549,QR-R-F1EF0684BB
PEDRO,,MIRANDA,R-202503-0524,"NOV. 28, 2022","HOUSE #657 STREET 26, INANAMA, ALICIA, ISABELA, 4884",NO,,MALE,SINGLE,,,STUDENT,,,QR-R-5A6BA5B7C2
JOSEFINA,RAMOS,MARQUEZ,R-202503-0525,"AUG. 4, 1987","HOUSE #657 STREET 26, INANAMA, ALICIA, ISABELA, 4884",NO,,FEMALE,MARRIED,,,FARMER,,,QR-R-39F35C6DF8
FRANCISCO,TORRES,SALAZAR,R-202503-0526,"JUL. 15, 1995","HOUSE #949 STREET 23, AURORA, ALICIA, ISABELA, 8511",NO,,FEMALE,SINGLE,,,LABORER,,,QR-R-AA76B600DC
ROSA,REYES,"DEL ROSARIO",R-202503-0527,"APR. 17, 1990","HOUSE #949 STREET 23, AURORA, ALICIA, ISABELA, 8511",NO,,MALE,MARRIED,,,TEACHER,,,QR-R-87794EF2F4
ANTONIO,,AQUINO,R-202503-0528,"MAR. 21, 2021","HOUSE #949 STREET 23, AURORA, ALICIA, ISABELA, 8511",NO,,FEMALE,SINGLE,,,STUDENT,PWD,E84233503874,QR-R-3E86B908AF
FRANCISCO,,"DE GUZMAN",R-202503-0529,"NOV. 10, 2012","HOUSE #949 STREET 23, AURORA, ALICIA, ISABELA, 8511",NO,,MALE,SINGLE,,,STUDENT,,,QR-R-C5C2C5249E
ELENA,,"DE LA CRUZ",R-202503-0530,"MAR. 28, 2020","HOUSE #189 STREET 49, LINGLINGAY, ALICIA, ISABELA, 1501",NO,,MALE,SINGLE,,,STUDENT,,,QR-R-D71C6547E9
PEDRO,DOMINGO,DIAZ,R-202503-0531,"JUL. 17, 2010","HOUSE #189 STREET 49, LINGLINGAY, ALICIA, ISABELA, 1501",NO,,FEMALE,SINGLE,,,STUDENT,,,QR-R-48F0A5D74A
ANTONIO,TORRES,VILLANUEVA,R-202503-0532,"OCT. 22, 1999","HOUSE #189 STREET 49, LINGLINGAY, ALICIA, ISABELA, 1501",NO,,MALE,MARRIED,,,LABORER,,654C536CC57B,QR-R-F372BFD0F9
LUIS,LOPEZ,"DE LA CRUZ",R-202503-0533,"JUL. 18, 1980","HOUSE #189 STREET 49, LINGLINGAY, ALICIA, ISABELA, 1501",NO,,FEMALE,SINGLE,,,FARMER,,,QR-R-1777E2A28F
MARIA,,VILLANUEVA,R-202503-0534,"JUL. 2, 2020","HOUSE #173 STREET 4, SALVACION, ALICIA, ISABELA, 4881",NO,,MALE,SINGLE,,,STUDENT,,32B0ACB1BAA6,QR-R-0A47B4C57E
CARLOS,RIVERA,MARQUEZ,R-202503-0535,"JUL. 25, 1954","HOUSE #173 STREET 4, SALVACION, ALICIA, ISABELA, 4881",NO,,MALE,MARRIED,,,RETIRED,"SENIOR CITIZEN",,QR-R-6D1A4C893A
JUAN,,"DE LA CRUZ",R-202503-0536,"JUN. 17, 1996","HOUSE #803 STREET 49, ZAMORA, ALICIA, ISABELA, 1064",NO,,FEMALE,MARRIED,,,BUSINESS_OWNER,,,QR-R-083EA553DC
LOURDES,LOPEZ,ROBLES,R-202503-0537,"FEB. 11, 2012","HOUSE #803 STREET 49, ZAMORA, ALICIA, ISABELA, 1064",NO,,MALE,SINGLE,,,STUDENT,,,QR-R-D377741CCA
LOURDES,,AQUINO,R-202503-0538,"FEB. 27, 1972","HOUSE #51 STREET 16, ANTONINO (POB.), ALICIA, ISABELA, 4678",NO,,MALE,SINGLE,,,FARMER,,,QR-R-77C168EDF4
MANUEL,,PADILLA,R-202503-0539,"FEB. 19, 1956","HOUSE #51 STREET 16, ANTONINO (POB.), ALICIA, ISABELA, 4678",NO,,MALE,SINGLE,,,RETIRED,"SENIOR CITIZEN, PWD",,QR-R-72CA382183
JOSE,,FLORES,R-202503-0540,"JUL. 21, 1965","HOUSE #542 STREET 8, BONIFACIO, ALICIA, ISABELA, 4333",NO,,FEMALE,MARRIED,,,PRIVATE_EMPLOYEE,,,QR-R-565649B188
ELENA,GONZALES,FLORES,R-202503-0541,"MAY. 31, 1990","HOUSE #542 STREET 8, BONIFACIO, ALICIA, ISABELA, 4333",NO,,MALE,MARRIED,,,FARMER,PWD,,QR-R-CEF32E86EA
LOURDES,,ROBLES,R-202503-0542,"JUL. 16, 2009","HOUSE #979 STREET 14, ZAMORA, ALICIA, ISABELA, 2414",NO,,FEMALE,SINGLE,,,STUDENT,,,QR-R-3BDA1B60F2
MANUEL,GARCIA,MENDOZA,R-202503-0543,"JUL. 16, 2011","HOUSE #979 STREET 14, ZAMORA, ALICIA, ISABELA, 2414",NO,,MALE,SINGLE,,,STUDENT,,F1BFC6AF5B5E,QR-R-7BEC80BCDF
RAFAEL,,ROMERO,R-202503-0544,"FEB. 15, 1980","HOUSE #979 STREET 14, ZAMORA, ALICIA, ISABELA, 2414",NO,,FEMALE,MARRIED,,,LABORER,,,QR-R-7EF236EE44
TERESA,"DE LA CRUZ",NAVARRO,R-202503-0545,"JUN. 3, 1982","HOUSE #979 STREET 14, ZAMORA, ALICIA, ISABELA, 2414",NO,,FEMALE,MARRIED,,,PRIVATE_EMPLOYEE,,A73AA50AD028,QR-R-E0B88D8ABE
SOFIA,PEREZ,ESPIRITU,R-202503-0546,"DEC. 16, 1990","HOUSE #979 STREET 14, ZAMORA, ALICIA, ISABELA, 2414",NO,,FEMALE,MARRIED,,,GOVERNMENT_EMPLOYEE,PWD,,QR-R-72837261E2
PEDRO,CASTRO,GONZALES,R-202503-0547,"JUL. 31, 1984","HOUSE #979 STREET 14, ZAMORA, ALICIA, ISABELA, 2414",NO,,MALE,MARRIED,,,FACTORY_WORKER,,,QR-R-0FD4426A75
JOSE,DOMINGO,RIVERA,R-202503-0548,"JAN. 30, 1972","HOUSE #496 STREET 42, CALLAO, ALICIA, ISABELA, 8114",NO,,MALE,MARRIED,,,FACTORY_WORKER,,,QR-R-D18A52D5B9
LOURDES,,GARCIA,R-202503-0549,"FEB. 7, 2010","HOUSE #496 STREET 42, CALLAO, ALICIA, ISABELA, 8114",NO,,FEMALE,SINGLE,,,STUDENT,,,QR-R-02C98A0890
CARMEN,LOPEZ,ROBLES,R-202503-0550,"JAN. 16, 2006","HOUSE #496 STREET 42, CALLAO, ALICIA, ISABELA, 8114",NO,,MALE,MARRIED,,,UNEMPLOYED,,,QR-R-A518DCD233
JOSE,RODRIGUEZ,GONZALES,R-202503-0551,"FEB. 27, 1973","HOUSE #496 STREET 42, CALLAO, ALICIA, ISABELA, 8114",NO,,MALE,SEPARATED,,,DRIVER,,,QR-R-0DE828B1EB
LOURDES,PEREZ,"DELA PEñA",R-202503-0552,"OCT. 31, 2007","HOUSE #404 STREET 6, SALVACION, ALICIA, ISABELA, 2897",NO,,FEMALE,SINGLE,,,STUDENT,,,QR-R-11D3BCDB80
LUIS,CASTRO,MENDOZA,R-202503-0553,"JUL. 7, 2007","HOUSE #404 STREET 6, SALVACION, ALICIA, ISABELA, 2897",NO,,FEMALE,SINGLE,,,STUDENT,,,QR-R-5D1E1B0991
LUIS,DOMINGO,SANTOS,R-202503-0554,"SEP. 3, 1984","HOUSE #404 STREET 6, SALVACION, ALICIA, ISABELA, 2897",NO,,MALE,MARRIED,,,DRIVER,,,QR-R-5A72C96740
JOSE,REYES,GUTIERREZ,R-202503-0555,"DEC. 12, 1996","HOUSE #404 STREET 6, SALVACION, ALICIA, ISABELA, 2897",NO,,MALE,MARRIED,,,FARMER,PWD,,QR-R-3489ADE40E
ELENA,CRUZ,VILLEGAS,R-202503-0556,"MAY. 19, 1997","HOUSE #139 STREET 33, BAGNOS, ALICIA, ISABELA, 2670",NO,,MALE,MARRIED,,,LABORER,,,QR-R-C9EFEA59BB
TERESA,,SANTOS,R-202503-0557,"AUG. 13, 1972","HOUSE #139 STREET 33, BAGNOS, ALICIA, ISABELA, 2670",NO,,MALE,SEPARATED,,,PRIVATE_EMPLOYEE,,85EDDAD95B56,QR-R-3A8A9C1CDB
SOFIA,GONZALES,RODRIGUEZ,R-202503-0558,"MAR. 26, 1975","HOUSE #139 STREET 33, BAGNOS, ALICIA, ISABELA, 2670",NO,,FEMALE,WIDOWED,,,LABORER,,639392245D6E,QR-R-87E524ED99
MARIA,,GUTIERREZ,R-202503-0559,"OCT. 25, 1965","HOUSE #139 STREET 33, BAGNOS, ALICIA, ISABELA, 2670",NO,,FEMALE,MARRIED,,,DRIVER,PWD,,QR-R-A917363BF7
LUIS,,FLORES,R-202503-0560,"FEB. 2, 2020","HOUSE #139 STREET 33, BAGNOS, ALICIA, ISABELA, 2670",NO,,FEMALE,SINGLE,,,STUDENT,,CDD5FF5C3F69,QR-R-792F7BF1C9
JUAN,SALAZAR,BAUTISTA,R-202503-0561,"DEC. 20, 2017","HOUSE #139 STREET 33, BAGNOS, ALICIA, ISABELA, 2670",NO,,MALE,SINGLE,,,STUDENT,,,QR-R-D35810CDF9
JOSEFINA,CRUZ,"DE LA CRUZ",R-202503-0562,"AUG. 30, 1977","HOUSE #198 STREET 4, SAN PABLO, ALICIA, ISABELA, 4168",NO,,FEMALE,MARRIED,,,LABORER,,D9C3E2FC68D2,QR-R-8352B11582
JOSEFINA,,CRUZ,R-202503-0563,"JUN. 29, 2012","HOUSE #198 STREET 4, SAN PABLO, ALICIA, ISABELA, 4168",NO,,FEMALE,SINGLE,,,STUDENT,,32BD1CD54A68,QR-R-F60A99AC25
JOSE,TORRES,VILLANUEVA,R-202503-0564,"AUG. 22, 1964","HOUSE #509 STREET 20, MAGSAYSAY (POB.), ALICIA, ISABELA, 1775",NO,,FEMALE,MARRIED,,,UNEMPLOYED,"SENIOR CITIZEN",59E67FDCD1DA,QR-R-B49B441E1D
LOURDES,REYES,TORRES,R-202503-0565,"DEC. 16, 2016","HOUSE #509 STREET 20, MAGSAYSAY (POB.), ALICIA, ISABELA, 1775",NO,,MALE,SINGLE,,,STUDENT,,,QR-R-54E6049813
MANUEL,,ROMERO,R-202503-0566,"DEC. 1, 1936","HOUSE #509 STREET 20, MAGSAYSAY (POB.), ALICIA, ISABELA, 1775",NO,,FEMALE,MARRIED,,,RETIRED,"SENIOR CITIZEN",E1D31A2141EB,QR-R-03F5645B45
ELENA,,GUTIERREZ,R-202503-0567,"DEC. 21, 1970","HOUSE #509 STREET 20, MAGSAYSAY (POB.), ALICIA, ISABELA, 1775",NO,,FEMALE,SINGLE,,,UNEMPLOYED,,,QR-R-6FAD92F335
ANTONIO,MENDOZA,GUTIERREZ,R-202503-0568,"JUN. 24, 1996","HOUSE #509 STREET 20, MAGSAYSAY (POB.), ALICIA, ISABELA, 1775",NO,,FEMALE,MARRIED,,,VENDOR,,,QR-R-97B63CE181
CARLOS,RODRIGUEZ,DIAZ,R-202503-0569,"AUG. 15, 2023","HOUSE #344 STREET 42, BAGNOS, ALICIA, ISABELA, 1428",NO,,FEMALE,SINGLE,,,STUDENT,,,QR-R-9927C5CBA7
JUAN,"DE LA CRUZ",NAVARRO,R-202503-0570,"MAY. 26, 1972","HOUSE #344 STREET 42, BAGNOS, ALICIA, ISABELA, 1428",NO,,MALE,MARRIED,,,TEACHER,,,QR-R-DE6214A546
CARMEN,LOPEZ,SANTOS,R-202503-0571,"JUL. 9, 2010","HOUSE #344 STREET 42, BAGNOS, ALICIA, ISABELA, 1428",NO,,FEMALE,SINGLE,,,STUDENT,,,QR-R-3065B4A0B9
LUISA,LOPEZ,CASTRO,R-202503-0572,"NOV. 17, 2018","HOUSE #344 STREET 42, BAGNOS, ALICIA, ISABELA, 1428",NO,,MALE,SINGLE,,,STUDENT,,,QR-R-EAA322D28A
MARIA,RIVERA,"DE GUZMAN",R-202503-0573,"JUN. 7, 2016","HOUSE #344 STREET 42, BAGNOS, ALICIA, ISABELA, 1428",NO,,FEMALE,SINGLE,,,STUDENT,,,QR-R-1918BB9012
RAFAEL,CASTRO,VILLEGAS,R-202503-0574,"JUL. 20, 1968","HOUSE #551 STREET 24, BANTUG-PETINES, ALICIA, ISABELA, 3568",NO,,MALE,MARRIED,,,VENDOR,,,QR-R-F00A55AED2
ANTONIO,,"DE GUZMAN",R-202503-0575,"JUN. 30, 1979","HOUSE #551 STREET 24, BANTUG-PETINES, ALICIA, ISABELA, 3568",NO,,MALE,WIDOWED,,,PRIVATE_EMPLOYEE,,30FE02874944,QR-R-D7455C7EBD
TERESA,,FLORES,R-202503-0576,"OCT. 6, 2009","HOUSE #551 STREET 24, BANTUG-PETINES, ALICIA, ISABELA, 3568",NO,,MALE,SINGLE,,,STUDENT,,,QR-R-06BA516FCA
SOFIA,,BAUTISTA,R-202503-0577,"JAN. 16, 2006","HOUSE #551 STREET 24, BANTUG-PETINES, ALICIA, ISABELA, 3568",NO,,FEMALE,MARRIED,,,PRIVATE_EMPLOYEE,,,QR-R-9F0E788491
ANTONIO,RAMOS,"DE GUZMAN",R-202503-0578,"NOV. 24, 2021","HOUSE #61 STREET 15, RIZAL, ALICIA, ISABELA, 8255",NO,,FEMALE,SINGLE,,,STUDENT,PWD,,QR-R-883AB663E2
LUIS,,"DELA PEñA",R-202503-0579,"AUG. 31, 2024","HOUSE #61 STREET 15, RIZAL, ALICIA, ISABELA, 8255",NO,,MALE,SINGLE,,,STUDENT,PWD,,QR-R-01FD591BCF
ELENA,"DE LA CRUZ",TORRES,R-202503-0580,"JUN. 20, 1969","HOUSE #61 STREET 15, RIZAL, ALICIA, ISABELA, 8255",NO,,FEMALE,SEPARATED,,,LABORER,,6C4A3815CACA,QR-R-9277EAAA9F
JOSEFINA,SANTOS,PEREZ,R-202503-0581,"FEB. 19, 1974","HOUSE #61 STREET 15, RIZAL, ALICIA, ISABELA, 8255",NO,,FEMALE,MARRIED,,,LABORER,,,QR-R-F8BA253937
MARIA,,SANTIAGO,R-202503-0582,"OCT. 15, 1976","HOUSE #490 STREET 33, BURGOS, ALICIA, ISABELA, 3633",NO,,FEMALE,SINGLE,,,PRIVATE_EMPLOYEE,,,QR-R-AC0323D357
PEDRO,LOPEZ,REYES,R-202503-0583,"OCT. 19, 1966","HOUSE #490 STREET 33, BURGOS, ALICIA, ISABELA, 3633",NO,,FEMALE,MARRIED,,,PRIVATE_EMPLOYEE,,9F960ABB61DC,QR-R-D5FD371676
JUAN,,CASTRO,R-202503-0584,"OCT. 26, 1994","HOUSE #490 STREET 33, BURGOS, ALICIA, ISABELA, 3633",NO,,MALE,SINGLE,,,FACTORY_WORKER,,,QR-R-045EE7E318
MARIA,GARCIA,NAVARRO,R-202503-0585,"AUG. 28, 1986","HOUSE #490 STREET 33, BURGOS, ALICIA, ISABELA, 3633",NO,,MALE,SINGLE,,,VENDOR,,4FDA47CD6B2F,QR-R-6CBB2D64AE
SOFIA,GARCIA,GARCIA,R-202503-0586,"MAR. 26, 1969","HOUSE #490 STREET 33, BURGOS, ALICIA, ISABELA, 3633",NO,,MALE,SEPARATED,,,FARMER,,,QR-R-3C4717F809
CARMEN,RAMOS,PADILLA,R-202503-0587,"FEB. 10, 1976","HOUSE #625 STREET 24, PADDAD, ALICIA, ISABELA, 5435",NO,,MALE,MARRIED,,,LABORER,,5AEA882E8DF4,QR-R-48F683D0FB
MANUEL,CASTRO,PEREZ,R-202503-0588,"DEC. 10, 1992","HOUSE #625 STREET 24, PADDAD, ALICIA, ISABELA, 5435",NO,,MALE,SINGLE,,,UNEMPLOYED,,,QR-R-DBF00E4A67
LOURDES,DOMINGO,CRUZ,R-202503-0589,"DEC. 18, 2018","HOUSE #683 STREET 28, SANTO TOMAS, ALICIA, ISABELA, 4895",NO,,FEMALE,SINGLE,,,STUDENT,,,QR-R-09AA076F58
LUISA,GONZALES,RIVERA,R-202503-0590,"FEB. 25, 1979","HOUSE #683 STREET 28, SANTO TOMAS, ALICIA, ISABELA, 4895",NO,,FEMALE,MARRIED,,,FARMER,,,QR-R-EBFCFD4683
ANTONIO,,VALDEZ,R-202503-0591,"JAN. 4, 2002","HOUSE #683 STREET 28, SANTO TOMAS, ALICIA, ISABELA, 4895",NO,,MALE,SINGLE,,,TEACHER,,A3CA2318E836,QR-R-5ABCAC8BF9
LOURDES,RAMOS,MARTINEZ,R-202503-0592,"APR. 3, 1991","HOUSE #683 STREET 28, SANTO TOMAS, ALICIA, ISABELA, 4895",NO,,MALE,SINGLE,,,FACTORY_WORKER,,96BFE9A67443,QR-R-3A9F6D1DD9
TERESA,RAMOS,VALDEZ,R-202503-0593,"AUG. 10, 1984","HOUSE #648 STREET 46, AMISTAD, ALICIA, ISABELA, 7418",NO,,FEMALE,SEPARATED,,,FARMER,,,QR-R-398A161CBE
ROSA,,MIRANDA,R-202503-0594,"MAY. 28, 2020","HOUSE #648 STREET 46, AMISTAD, ALICIA, ISABELA, 7418",NO,,MALE,SINGLE,,,STUDENT,,E045D3E135C8,QR-R-CD361C3FF9
CARLOS,NAVARRO,VALDEZ,R-202503-0595,"AUG. 3, 2010","HOUSE #648 STREET 46, AMISTAD, ALICIA, ISABELA, 7418",NO,,FEMALE,SINGLE,,,STUDENT,,,QR-R-61064BA86F
TERESA,CASTRO,ROMERO,R-202503-0596,"DEC. 28, 1994","HOUSE #648 STREET 46, AMISTAD, ALICIA, ISABELA, 7418",NO,,FEMALE,MARRIED,,,VENDOR,,,QR-R-F5B9A97BF0
ROSA,,FLORES,R-202503-0597,"JUN. 23, 2008","HOUSE #648 STREET 46, AMISTAD, ALICIA, ISABELA, 7418",NO,,FEMALE,SINGLE,,,STUDENT,,,QR-R-1CFF2D68A7
JOSEFINA,FLORES,FLORES,R-202503-0598,"JAN. 3, 1999","HOUSE #648 STREET 46, AMISTAD, ALICIA, ISABELA, 7418",NO,,MALE,MARRIED,,,LABORER,,E25F7D497810,QR-R-D11C38B07A
SOFIA,AQUINO,GONZALES,R-202503-0599,"DEC. 11, 2010","HOUSE #830 STREET 15, BURGOS, ALICIA, ISABELA, 1627",NO,,FEMALE,SINGLE,,,STUDENT,,13734A664517,QR-R-C31D25E87B
MIGUEL,,"DE LA CRUZ",R-202503-0600,"DEC. 12, 1958","HOUSE #830 STREET 15, BURGOS, ALICIA, ISABELA, 1627",NO,,MALE,MARRIED,,,RETIRED,"SENIOR CITIZEN",BBE40BB50DD1,QR-R-4B4B12F76E
CARLOS,,RIVERA,R-202503-0601,"OCT. 20, 2008","HOUSE #830 STREET 15, BURGOS, ALICIA, ISABELA, 1627",NO,,FEMALE,SINGLE,,,STUDENT,,45BB82921227,QR-R-2955522250
TERESA,SANTOS,MORALES,R-202503-0602,"MAY. 31, 1971","HOUSE #830 STREET 15, BURGOS, ALICIA, ISABELA, 1627",NO,,MALE,MARRIED,,,TEACHER,,,QR-R-CD9ACFCAA8
LUISA,,"DE LA CRUZ",R-202503-0603,"JUN. 22, 1967","HOUSE #849 STREET 25, CALLAO, ALICIA, ISABELA, 5001",NO,,MALE,MARRIED,,,GOVERNMENT_EMPLOYEE,,,QR-R-57F6E9F57C
LUIS,,"DEL ROSARIO",R-202503-0604,"OCT. 10, 2010","HOUSE #849 STREET 25, CALLAO, ALICIA, ISABELA, 5001",NO,,FEMALE,SINGLE,,,STUDENT,,4D9A0ED573C3,QR-R-75B60C38C5
LUISA,PEREZ,DIAZ,R-202503-0605,"JUN. 26, 1992","HOUSE #849 STREET 25, CALLAO, ALICIA, ISABELA, 5001",NO,,MALE,MARRIED,,,LABORER,,,QR-R-A3D745CFED
JOSEFINA,GARCIA,"DELA PEñA",R-202503-0606,"SEP. 4, 1984","HOUSE #849 STREET 25, CALLAO, ALICIA, ISABELA, 5001",NO,,FEMALE,MARRIED,,,FACTORY_WORKER,,296AD448D6A9,QR-R-89008A2077
MARIA,"DE LA CRUZ",FERNANDEZ,R-202503-0607,"JAN. 10, 1981","HOUSE #849 STREET 25, CALLAO, ALICIA, ISABELA, 5001",NO,,FEMALE,WIDOWED,,,FARMER,,,QR-R-8A9FC407F7
JOSEFINA,,"DELA PEñA",R-202503-0608,"NOV. 28, 1998","HOUSE #849 STREET 25, CALLAO, ALICIA, ISABELA, 5001",NO,,MALE,MARRIED,,,LABORER,,,QR-R-C7E30F5521
RAFAEL,RAMOS,SANTIAGO,R-202503-0609,"JUL. 11, 1970","HOUSE #94 STREET 46, SAN FRANCISCO, ALICIA, ISABELA, 1244",NO,,MALE,MARRIED,,,TEACHER,,4E8701714078,QR-R-43351F6776
JUAN,SALAZAR,"DE LA CRUZ",R-202503-0610,"OCT. 13, 1973","HOUSE #94 STREET 46, SAN FRANCISCO, ALICIA, ISABELA, 1244",NO,,MALE,MARRIED,,,FACTORY_WORKER,,,QR-R-F4D360AB4E
MARIA,,TORRES,R-202503-0611,"JUL. 14, 1979","HOUSE #94 STREET 46, SAN FRANCISCO, ALICIA, ISABELA, 1244",NO,,MALE,WIDOWED,,,TEACHER,,,QR-R-4E5A6F6B26
PEDRO,FLORES,BAUTISTA,R-202503-0612,"DEC. 1, 1962","HOUSE #94 STREET 46, SAN FRANCISCO, ALICIA, ISABELA, 1244",NO,,FEMALE,MARRIED,,,FARMER,"SENIOR CITIZEN",,QR-R-8A218F1E07
JOSEFINA,CRUZ,VILLEGAS,R-202503-0613,"MAY. 18, 2018","HOUSE #407 STREET 18, SAN ANTONIO (POB.), ALICIA, ISABELA, 1756",NO,,MALE,SINGLE,,,STUDENT,,,QR-R-6840887A64
ANTONIO,RODRIGUEZ,CRUZ,R-202503-0614,"FEB. 18, 1977","HOUSE #407 STREET 18, SAN ANTONIO (POB.), ALICIA, ISABELA, 1756",NO,,MALE,SINGLE,,,TEACHER,PWD,,QR-R-53312D6F10
FRANCISCO,PEREZ,MIRANDA,R-202503-0615,"JUL. 5, 1984","HOUSE #407 STREET 18, SAN ANTONIO (POB.), ALICIA, ISABELA, 1756",NO,,FEMALE,SEPARATED,,,TEACHER,,,QR-R-3136C9101B
ELENA,,PADILLA,R-202503-0616,"OCT. 3, 1981","HOUSE #407 STREET 18, SAN ANTONIO (POB.), ALICIA, ISABELA, 1756",NO,,MALE,MARRIED,,,DRIVER,,,QR-R-00245C971A
ABRA,"KELSEY VILLARREAL",DELANEY,R-202503-0617,"OCT. 24, 2007",,YES,,FEMALE,WIDOWED,,,"INCIDUNT QUISQUAM N",PWD,965,R-QP6E-617
NICHOLAS,"MAILE SWEET",FITZGERALD,R-202503-0618,"JAN. 10, 1987","EXERCITATION VOLUPTA, DAGUPAN, ALICIA, ISABELA",NO,"SEP. 18, 2014",OTHER,SEPARATED,"CULPA SEQUI SIT ILLU","JOHN PAUL GARAZA/09615034085","SIT MOLESTIAE DOLORE",PWD,638,R-A0DT-618
TEST,T,TEST,R-202503-0619,"MAR. 7, 2007","TESTSSD, ANTONINO (POB.), ALICIA, ISABELA",YES,"MAR. 07, 2025",OTHER,WIDOWED,"CULPA SEQUI SIT ILLU","JOHN PAUL GARAZA/09615034085",TEST,,1231231233334444,R-UZUA-619
